issue_date,date,T2M,PRECTOTCORR_SUM,QV2M,T2MDEW,PSFC,MSL
2003-01-01,2003-02-01,24.278364,59.87988025665283,14.729858,20.219362,100.93861,101.6327
2003-01-01,2003-03-01,24.154457,57.833924667835234,14.185875,19.610836,100.94733,101.64177
2003-01-01,2003-04-01,24.532799,54.57423620223999,14.142623,19.562037,100.92584,101.61925
2003-01-01,2003-05-01,25.15064,58.3780273270607,14.632521,20.103806,100.91792,101.60984
2003-01-01,2003-06-01,25.821733,72.2582081079483,15.604976,21.140991,100.919815,101.61018
2003-01-01,2003-07-01,26.667496,57.50418935775757,16.298754,21.859419,101.012146,101.701195
2003-02-01,2003-03-01,24.18395,65.92063454627991,14.512805,19.987291,100.98918,101.68384
2003-02-01,2003-04-01,24.424644,70.07543467283249,14.18642,19.607536,100.90474,101.59825
2003-02-01,2003-05-01,24.95099,68.8750032734871,14.51698,19.984283,100.95243,101.64505
2003-02-01,2003-06-01,25.782887,63.41169834136963,15.542805,21.083149,100.97883,101.6697
2003-02-01,2003-07-01,26.608082,57.94539492368698,16.212923,21.775463,101.0345,101.72384
2003-02-01,2003-08-01,26.85566,48.90299874305725,16.294966,21.867525,101.08942,101.77856
2003-03-01,2003-04-01,24.872475,37.60616272687912,14.124477,19.543472,100.90749,101.59998
2003-03-01,2003-05-01,25.126959,66.65532918930053,14.620819,20.08857,100.91236,101.604294
2003-03-01,2003-06-01,25.889761,69.97397224903106,15.6331835,21.168901,100.91768,101.60787
2003-03-01,2003-07-01,26.6685,50.250003962516786,16.115316,21.679127,101.03877,101.728
2003-03-01,2003-08-01,26.913345,49.75345203399658,16.321712,21.894321,101.073654,101.76256
2003-03-01,2003-09-01,27.057886,70.36322736740112,16.881773,22.422007,100.95302,101.64076
2003-04-01,2003-05-01,24.96607,105.22543963432312,15.03693,20.547905,100.93105,101.6235
2003-04-01,2003-06-01,26.050043,79.6570816040039,15.970257,21.515142,100.921135,101.610985
2003-04-01,2003-07-01,26.84813,48.868699736595154,16.358871,21.923424,101.034744,101.72353
2003-04-01,2003-08-01,27.04856,56.005177779197695,16.488447,22.05643,101.064415,101.75295
2003-04-01,2003-09-01,27.2289,60.70048499107361,16.964205,22.501772,100.95117,101.63852
2003-04-01,2003-10-01,26.97142,111.7554533624649,17.439972,22.919878,100.750336,101.436905
2003-05-01,2003-06-01,26.27812,61.499364495277405,15.956395,21.51104,100.96212,101.65172
2003-05-01,2003-07-01,26.943178,54.37442833662033,16.494997,22.05481,101.00653,101.694916
2003-05-01,2003-08-01,27.141577,56.261639397144315,16.642645,22.20736,101.0557,101.743965
2003-05-01,2003-09-01,27.202662,77.04393897056579,17.217972,22.739508,100.92982,101.61707
2003-05-01,2003-10-01,27.10229,87.3822964143753,17.420858,22.90436,100.763565,101.44992
2003-05-01,2003-11-01,26.662983,95.19712972640991,17.364946,22.826948,100.62198,101.30838
2003-06-01,2003-07-01,26.440445,60.28082839488983,16.27946,21.837212,100.96956,101.65884
2003-06-01,2003-08-01,27.027094,68.4384743475914,16.808546,22.369438,101.054665,101.74319
2003-06-01,2003-09-01,27.235435,80.32394614219666,17.290257,22.805552,100.90743,101.59445
2003-06-01,2003-10-01,27.01897,108.85175339698792,17.67276,23.135483,100.74076,101.42715
2003-06-01,2003-11-01,26.511333,113.43858075141907,17.585384,23.02689,100.5763,101.26273
2003-06-01,2003-12-01,25.633461,95.06443616867065,16.505865,22.010025,100.68707,101.37629
2003-07-01,2003-08-01,27.016098,56.62645360946655,16.888748,22.443794,101.03163,101.72001
2003-07-01,2003-09-01,27.378452,73.35204663276673,17.416662,22.934868,100.968956,101.65608
2003-07-01,2003-10-01,27.207651,99.138191781044,17.712753,23.178774,100.77811,101.464325
2003-07-01,2003-11-01,26.716753,117.63137884140015,17.724422,23.161636,100.61343,101.29965
2003-07-01,2003-12-01,25.721197,110.76468801021576,16.848024,22.348179,100.69791,101.38699
2003-07-01,2004-01-01,24.723072,64.46527584552764,15.232465,20.742954,100.89684,101.58962
2003-08-01,2003-09-01,27.161772,73.58590149879456,17.337603,22.854849,100.9306,101.61796
2003-08-01,2003-10-01,27.162172,108.39105819702148,17.910896,23.355932,100.746895,101.433
2003-08-01,2003-11-01,26.658863,114.75646848678589,17.754745,23.186186,100.58695,101.27312
2003-08-01,2003-12-01,25.759117,95.89696043014527,16.607525,22.103521,100.674774,101.36362
2003-08-01,2004-01-01,24.808823,71.15197279453278,15.375654,20.890375,100.872604,101.56501
2003-08-01,2004-02-01,23.984009,57.99676819324493,14.318869,19.764635,100.975174,101.67021
2003-09-01,2003-10-01,26.983452,116.15738634109498,17.980549,23.41727,100.730095,101.416504
2003-09-01,2003-11-01,26.614693,132.37782669067383,17.88339,23.303307,100.58086,101.26709
2003-09-01,2003-12-01,25.716694,101.83142276763915,16.712206,22.210249,100.6633,101.35216
2003-09-01,2004-01-01,24.718569,57.61877786636352,15.243548,20.752457,100.872314,101.56493
2003-09-01,2004-02-01,24.07228,48.172641649246216,14.358687,19.815016,100.98575,101.68066
2003-09-01,2004-03-01,23.84934,45.646177015304566,13.752267,19.131716,101.027596,101.72331
2003-10-01,2003-11-01,26.751371,115.36298303604126,17.761446,23.183569,100.53016,101.21573
2003-10-01,2003-12-01,25.701626,105.58772650241852,16.402355,21.901665,100.65567,101.34452
2003-10-01,2004-01-01,24.663092,59.22255867242813,15.05822,20.556684,100.8931,101.585976
2003-10-01,2004-02-01,23.943403,54.04860065460205,14.173366,19.60652,100.989876,101.6851
2003-10-01,2004-03-01,23.676294,42.71162981390953,13.47559,18.799704,101.00062,101.696556
2003-10-01,2004-04-01,24.094233,40.39221589565277,13.555986,18.903063,101.024414,101.71953
2003-11-01,2003-12-01,25.465698,132.92479592323303,16.714693,22.21515,100.68763,101.37723
2003-11-01,2004-01-01,24.56649,64.79325882911682,15.089734,20.59853,100.91884,101.61213
2003-11-01,2004-02-01,23.901451,48.65030935287476,14.24396,19.686998,101.00648,101.70191
2003-11-01,2004-03-01,23.88061,42.475958087444305,13.81087,19.201227,101.02838,101.72402
2003-11-01,2004-04-01,24.21815,47.68090260028839,13.868259,19.259186,100.99215,101.686745
2003-11-01,2004-05-01,24.890875,45.559117527008056,14.330181,19.779293,100.966446,101.659294
2003-12-01,2004-01-01,24.567583,76.29522553920746,15.623518,21.148832,100.85334,101.54617
2003-12-01,2004-02-01,23.884087,50.7589994430542,14.434043,19.893473,100.97493,101.670204
2003-12-01,2004-03-01,23.766996,49.779340035915375,13.887032,19.26697,100.9696,101.6651
2003-12-01,2004-04-01,23.959614,48.576565217971805,13.660426,19.006813,100.97101,101.66608
2003-12-01,2004-05-01,24.584106,44.28081305503845,14.062611,19.48273,100.99773,101.69151
2003-12-01,2004-06-01,25.638521,54.77462739944458,15.334949,20.861998,100.94779,101.63878
2004-01-01,2004-02-01,23.403374,45.699837591648105,13.952085,19.359352,101.00586,101.70247
2004-01-01,2004-03-01,23.656343,53.484999325275425,13.919897,19.318628,100.99207,101.687996
2004-01-01,2004-04-01,24.063862,43.35220899581909,13.797817,19.184996,101.02517,101.72036
2004-01-01,2004-05-01,24.635748,61.676164093017576,14.213221,19.646599,100.959885,101.65329
2004-01-01,2004-06-01,25.615366,72.59088521003723,15.597507,21.125084,100.91887,101.60972
2004-01-01,2004-07-01,26.461754,77.89089777946472,16.528885,22.083168,100.99414,101.68355
2004-02-01,2004-03-01,24.055054,42.57332089185715,14.109248,19.553688,101.08267,101.77828
2004-02-01,2004-04-01,24.09776,50.57531404495239,13.826799,19.20485,100.98183,101.67664
2004-02-01,2004-05-01,24.691587,54.991026196479794,14.364733,19.813814,100.94615,101.63933
2004-02-01,2004-06-01,25.744253,63.873371601104736,15.570056,21.112036,100.95688,101.64768
2004-02-01,2004-07-01,26.530903,65.38510556697845,16.443073,22.00436,101.01835,101.70776
2004-02-01,2004-08-01,26.84693,63.10190153598786,16.658669,22.221996,101.05333,101.74225
2004-03-01,2004-04-01,24.097485,45.03822877407074,13.642012,19.00898,101.054375,101.74969
2004-03-01,2004-05-01,24.733696,56.9694407916069,14.430913,19.884,100.918564,101.61146
2004-03-01,2004-06-01,25.758629,72.92280929088592,15.702013,21.239233,100.93485,101.62548
2004-03-01,2004-07-01,26.608833,61.79932820320129,16.487797,22.045366,101.03016,101.71946
2004-03-01,2004-08-01,26.846724,63.02940507888794,16.656332,22.223248,101.09194,101.78112
2004-03-01,2004-09-01,27.053774,70.49750504493713,17.137413,22.668316,100.96946,101.65733
2004-04-01,2004-05-01,25.074263,96.61606366157531,15.44448,20.95812,100.81135,101.502716
2004-04-01,2004-06-01,25.905415,96.02165794372559,16.377893,21.913843,100.869835,101.55968
2004-04-01,2004-07-01,26.69853,70.01387801885605,16.88745,22.429888,100.96504,101.6537
2004-04-01,2004-08-01,26.887486,66.45149346351623,16.838516,22.398325,101.05936,101.74822
2004-04-01,2004-09-01,27.101215,73.35506329536437,17.222425,22.749214,100.96091,101.64861
2004-04-01,2004-10-01,26.983696,107.56477132797241,17.561373,23.037016,100.78227,101.46903
2004-05-01,2004-06-01,25.482983,117.6162905216217,16.084562,21.630396,100.91833,101.609474
2004-05-01,2004-07-01,26.385473,71.89095390796662,16.701366,22.257875,101.02179,101.711555
2004-05-01,2004-08-01,26.730015,66.38288850307464,16.693657,22.261822,101.08507,101.774475
2004-05-01,2004-09-01,27.012026,68.95481686592102,17.126965,22.656666,100.94693,101.63474
2004-05-01,2004-10-01,26.909536,102.53610738754273,17.486673,22.97019,100.79377,101.480774
2004-05-01,2004-11-01,26.480347,106.07214574813842,17.480522,22.935122,100.61394,101.300705
2004-06-01,2004-07-01,26.29854,69.67868535995484,16.704552,22.271744,101.07129,101.76159
2004-06-01,2004-08-01,26.752544,67.05872865676879,16.787327,22.352777,101.074715,101.76401
2004-06-01,2004-09-01,27.021656,78.73750290870666,17.293274,22.813911,100.93709,101.6248
2004-06-01,2004-10-01,27.007484,95.82836241722107,17.603281,23.074673,100.76068,101.447235
2004-06-01,2004-11-01,26.522358,112.1742549419403,17.57099,23.018726,100.60621,101.29283
2004-06-01,2004-12-01,25.60398,104.4747646665573,16.550148,22.058403,100.71046,101.3999
2004-07-01,2004-08-01,26.777916,89.52674758434296,17.135765,22.665777,100.942024,101.63033
2004-07-01,2004-09-01,27.130688,90.95605459213257,17.710497,23.199701,100.914825,101.60215
2004-07-01,2004-10-01,27.073423,113.70346687793732,17.94552,23.383307,100.72342,101.40957
2004-07-01,2004-11-01,26.60859,127.73391666412354,17.812122,23.237896,100.58152,101.26776
2004-07-01,2004-12-01,25.772934,91.05226172447205,16.694164,22.185581,100.661964,101.350685
2004-07-01,2005-01-01,24.774586,61.821154346466066,15.230305,20.73732,100.86179,101.55421
2004-08-01,2004-09-01,27.225767,74.05511999130249,17.658556,23.15399,100.9279,101.6151
2004-08-01,2004-10-01,27.218422,111.65957200527191,18.023567,23.45185,100.70679,101.39249
2004-08-01,2004-11-01,26.589468,137.56790170669555,17.909819,23.32855,100.58839,101.27473
2004-08-01,2004-12-01,25.64771,104.10410456180573,16.65099,22.150698,100.68634,101.37552
2004-08-01,2005-01-01,24.700699,60.335394344329835,15.200342,20.71351,100.89433,101.587135
2004-08-01,2005-02-01,24.09186,45.107581005096435,14.405627,19.856813,100.97934,101.67414
2004-09-01,2004-10-01,27.03313,111.07025859832764,17.925167,23.349995,100.62834,101.31393
2004-09-01,2004-11-01,26.57857,150.93309803009032,17.977287,23.384937,100.55513,101.24127
2004-09-01,2004-12-01,25.637056,105.14826749801635,16.666424,22.157055,100.65084,101.3398
2004-09-01,2005-01-01,24.815346,50.66938456773758,15.274866,20.779146,100.86379,101.556114
2004-09-01,2005-02-01,24.016245,43.48467677116394,14.185758,19.610914,100.98333,101.67834
2004-09-01,2005-03-01,23.805552,52.33910973072052,13.893672,19.27728,100.9774,101.67288
2004-10-01,2004-11-01,26.23605,147.39811420440674,17.834152,23.25318,100.55412,101.241035
2004-10-01,2004-12-01,25.48018,100.3077633190155,16.5274,22.026987,100.66005,101.349434
2004-10-01,2005-01-01,24.63111,61.33302073955536,15.312262,20.822788,100.853386,101.546074
2004-10-01,2005-02-01,24.004908,46.93403936386108,14.39028,19.84107,100.959206,101.65409
2004-10-01,2005-03-01,23.929682,49.36226911067963,13.988625,19.393513,100.989685,101.68495
2004-10-01,2005-04-01,24.256617,43.732044625282285,13.888891,19.28112,100.97186,101.66624
2004-11-01,2004-12-01,25.059088,117.04837381362915,16.153183,21.657993,100.6813,101.3718
2004-11-01,2005-01-01,24.424702,59.03835537433624,14.956089,20.449879,100.89666,101.590126
2004-11-01,2005-02-01,24.011099,47.457755155563355,14.516668,19.990425,100.989944,101.68501
2004-11-01,2005-03-01,24.017584,45.16489351272583,14.085712,19.502077,100.96152,101.65638
2004-11-01,2005-04-01,24.272495,48.850077867507935,13.929601,19.319,100.944534,101.63868
2004-11-01,2005-05-01,24.783384,54.22698006629944,14.364191,19.80696,100.94875,101.64174
2004-12-01,2005-01-01,24.299047,58.0771338224411,14.987844,20.482006,100.880135,101.57378
2004-12-01,2005-02-01,23.707232,44.41628053665161,14.041404,19.450583,100.99487,101.6907
2004-12-01,2005-03-01,23.681656,43.79227050542831,13.714154,19.074469,100.99706,101.69296
2004-12-01,2005-04-01,24.100708,42.663475728034975,13.721452,19.081627,100.984886,101.67971
2004-12-01,2005-05-01,24.849459,44.58014662027359,14.286625,19.731607,100.97049,101.66347
2004-12-01,2005-06-01,25.753218,72.58224256038666,15.5033045,21.034819,100.9309,101.621506
2005-01-01,2005-02-01,23.450054,63.80934976577759,13.770517,19.150183,101.009865,101.70639
2005-01-01,2005-03-01,23.658785,51.566608324050904,13.845415,19.22239,100.97083,101.6666
2005-01-01,2005-04-01,24.179262,39.33140995502472,13.839222,19.221373,100.9678,101.66232
2005-01-01,2005-05-01,24.649527,46.42998129367828,14.167704,19.602272,100.99819,101.69183
2005-01-01,2005-06-01,25.630268,69.44972834587097,15.41209,20.940327,100.931595,101.62249
2005-01-01,2005-07-01,26.447407,59.86846382141113,16.350163,21.90722,100.991135,101.68055
2005-02-01,2005-03-01,22.952496,29.857839152812957,12.676218,17.811022,100.83814,101.53466
2005-02-01,2005-04-01,24.122984,41.98076226711273,13.809861,19.178669,100.97097,101.66566
2005-02-01,2005-05-01,24.729742,46.89418314218521,14.191111,19.621119,100.96168,101.654884
2005-02-01,2005-06-01,25.551908,105.5455949306488,15.758515,21.297857,100.92221,101.61322
2005-02-01,2005-07-01,26.57108,67.14759464740753,16.604675,22.160913,101.012566,101.70184
2005-02-01,2005-08-01,26.89439,58.86522567987442,16.657791,22.223051,101.07379,101.76273
2005-03-01,2005-04-01,24.65357,32.819676893949506,14.345484,19.781841,100.89356,101.586464
2005-03-01,2005-05-01,25.027437,75.75657934188843,14.823933,20.306032,100.90341,101.59552
2005-03-01,2005-06-01,25.852758,93.13241629600525,16.068806,21.600426,100.86716,101.5571
2005-03-01,2005-07-01,26.632261,82.24839665412902,16.787594,22.329018,100.96348,101.652275
2005-03-01,2005-08-01,27.10268,54.481222100257874,16.805958,22.362583,101.04917,101.73747
2005-03-01,2005-09-01,27.161587,68.79715275764465,17.142803,22.672758,100.962296,101.649864
2005-04-01,2005-05-01,25.487652,99.34359483718872,15.5806675,21.095963,100.79026,101.48053
2005-04-01,2005-06-01,26.029976,126.38434710502625,16.662115,22.192192,100.84745,101.53686
2005-04-01,2005-07-01,26.844877,104.59870852470398,17.45812,22.965483,100.9367,101.624825
2005-04-01,2005-08-01,27.165522,72.44675056934356,17.293327,22.825953,101.01682,101.70476
2005-04-01,2005-09-01,27.231558,91.77228412628173,17.656353,23.146187,100.902176,101.58918
2005-04-01,2005-10-01,27.131723,105.30339166641235,17.848963,23.298237,100.74625,101.43242
2005-05-01,2005-06-01,25.821693,174.27108149528505,16.5921,22.108004,100.74358,101.432755
2005-05-01,2005-07-01,26.65516,145.90375531196594,17.893417,23.358208,100.86837,101.556465
2005-05-01,2005-08-01,26.985668,93.92478271007538,17.685844,23.184927,100.973045,101.661095
2005-05-01,2005-09-01,27.236168,100.22199740409852,17.889751,23.355015,100.86306,101.549774
2005-05-01,2005-10-01,27.117847,123.09430744171142,18.191065,23.602367,100.70085,101.38675
2005-05-01,2005-11-01,26.68148,134.45159454345702,17.955032,23.365767,100.564674,101.25064
2005-06-01,2005-07-01,26.747643,166.13689846992492,18.087912,23.52104,100.767815,101.45501
2005-06-01,2005-08-01,27.083881,111.06324308395386,18.067955,23.528042,100.9241,101.611595
2005-06-01,2005-09-01,27.251001,119.1046654701233,18.20604,23.636324,100.82394,101.51036
2005-06-01,2005-10-01,27.134459,124.16380679130555,18.32285,23.716372,100.67579,101.36147
2005-06-01,2005-11-01,26.590307,136.95308876037598,18.015854,23.419859,100.55759,101.24371
2005-06-01,2005-12-01,25.554293,115.21650918960572,16.598234,22.103422,100.69986,101.38934
2005-07-01,2005-08-01,26.967125,141.2484781551361,18.175657,23.624487,100.91249,101.60017
2005-07-01,2005-09-01,27.224682,120.07327823638916,18.246578,23.674664,100.83148,101.51803
2005-07-01,2005-10-01,27.150162,135.33662333488465,18.40585,23.790014,100.66759,101.35318
2005-07-01,2005-11-01,26.693169,143.2822649002075,18.081114,23.4789,100.5541,101.23997
2005-07-01,2005-12-01,25.640718,125.72985437393189,16.81675,22.306128,100.65103,101.33999
2005-07-01,2006-01-01,24.715103,65.59401711940765,15.308493,20.821304,100.87424,101.56687
2005-08-01,2005-09-01,27.254107,116.112073802948,18.31665,23.726988,100.76497,101.45099
2005-08-01,2005-10-01,27.183998,129.20026495933533,18.434975,23.817417,100.67501,101.36057
2005-08-01,2005-11-01,26.67436,139.79178686141967,18.054852,23.448853,100.5151,101.200745
2005-08-01,2005-12-01,25.71193,129.7950360107422,17.111574,22.583853,100.59756,101.28598
2005-08-01,2006-01-01,24.68647,73.22470858573914,15.339678,20.848804,100.862404,101.55502
2005-08-01,2006-02-01,23.921148,52.6525004196167,14.363913,19.81824,100.98255,101.67778
2005-09-01,2005-10-01,27.481255,123.19486595630646,18.489265,23.858364,100.62933,101.3139
2005-09-01,2005-11-01,26.656322,167.1935708999634,18.225914,23.599459,100.4916,101.17713
2005-09-01,2005-12-01,25.744087,136.3016639518738,16.965057,22.442377,100.60586,101.29426
2005-09-01,2006-01-01,24.712486,85.5426362323761,15.561566,21.079937,100.83848,101.53087
2005-09-01,2006-02-01,23.964537,49.04338710784912,14.349231,19.795475,100.95472,101.64966
2005-09-01,2006-03-01,23.740454,50.23441321611404,13.724593,19.08568,100.9818,101.67745
2005-10-01,2005-11-01,26.213472,235.10131874084473,18.09185,23.474184,100.463615,101.14996
2005-10-01,2005-12-01,25.500816,116.24390687942505,16.673616,22.163834,100.64339,101.33262
2005-10-01,2006-01-01,24.570093,68.03432188749314,15.248024,20.749596,100.85917,101.55204
2005-10-01,2006-02-01,23.769732,54.708252143859866,14.273681,19.712223,100.985794,101.681404
2005-10-01,2006-03-01,23.652554,51.22137103319168,13.730049,19.098991,101.00235,101.69836
2005-10-01,2006-04-01,24.043188,45.63624572753906,13.776162,19.149216,100.97031,101.66517
2005-11-01,2005-12-01,25.532436,88.79088324546814,16.743397,22.242348,100.68087,101.370285
2005-11-01,2006-01-01,24.376928,60.51096978664398,15.024314,20.510015,100.84281,101.53602
2005-11-01,2006-02-01,24.006695,45.955858364105225,14.48354,19.940573,100.94754,101.64233
2005-11-01,2006-03-01,23.839214,53.826163375377654,13.933369,19.328356,100.978874,101.67428
2005-11-01,2006-04-01,24.014643,49.92672114372253,13.659026,19.02108,100.9967,101.6918
2005-11-01,2006-05-01,24.494497,56.12292526483536,14.076795,19.484108,100.93552,101.62908
2005-12-01,2006-01-01,24.338873,47.205989866256715,14.999966,20.498238,100.87045,101.563934
2005-12-01,2006-02-01,23.77812,47.63025369644165,14.209324,19.639664,100.957756,101.65315
2005-12-01,2006-03-01,23.725014,51.340955619812014,13.879234,19.268385,100.98782,101.683556
2005-12-01,2006-04-01,23.90727,55.5372198343277,13.768425,19.14524,100.985886,101.681175
2005-12-01,2006-05-01,24.475445,52.63026000738144,14.060977,19.467466,100.95173,101.64545
2005-12-01,2006-06-01,25.315834,65.4114440202713,15.084931,20.598883,100.96705,101.65891
2006-01-01,2006-02-01,23.866665,52.67784732818603,14.276642,19.702076,100.85802,101.55253
2006-01-01,2006-03-01,23.527124,61.07827434539795,13.646946,18.990534,100.967,101.663055
2006-01-01,2006-04-01,23.90146,50.42519402503967,13.6986,19.06322,101.00959,101.705055
2006-01-01,2006-05-01,24.4786,43.55200436353684,13.934736,19.33318,100.97974,101.673645
2006-01-01,2006-06-01,25.433647,62.11229138374328,15.253417,20.773794,100.94924,101.64072
2006-01-01,2006-07-01,26.364029,54.21930483341217,16.059145,21.62354,101.03582,101.72572
2006-02-01,2006-03-01,23.605923,47.4530967259407,13.669382,19.018902,100.907425,101.60288
2006-02-01,2006-04-01,23.790962,47.26249237060547,13.431119,18.743444,100.97603,101.671524
2006-02-01,2006-05-01,24.33226,48.93885724544525,13.795673,19.169292,100.9715,101.665695
2006-02-01,2006-06-01,25.379135,62.352558732032776,15.111903,20.626284,100.960625,101.652306
2006-02-01,2006-07-01,26.337418,42.485235166549685,15.871156,21.429214,101.030556,101.72049
2006-02-01,2006-08-01,26.681293,49.62950876712799,16.211578,21.776733,101.040924,101.73013
2006-03-01,2006-04-01,23.691294,52.565345191955565,13.330989,18.624214,100.95413,101.649704
2006-03-01,2006-05-01,24.470034,52.54022505998611,14.033512,19.43738,100.94384,101.63752
2006-03-01,2006-06-01,25.479067,56.84640247821808,15.23056,20.759068,100.980675,101.67226
2006-03-01,2006-07-01,26.514683,45.21510373830795,16.027437,21.591948,101.03561,101.72517
2006-03-01,2006-08-01,26.89479,49.748774876594545,16.382269,21.952866,101.069244,101.75816
2006-03-01,2006-09-01,27.10395,57.36842794418335,16.921934,22.459478,100.94635,101.63394
2006-04-01,2006-05-01,24.437485,153.19106957435608,15.014483,20.492682,100.80221,101.49499
2006-04-01,2006-06-01,25.725367,91.84621396064759,16.16902,21.711733,100.91006,101.600586
2006-04-01,2006-07-01,26.609575,63.45112448453903,16.59754,22.15147,101.00582,101.694954
2006-04-01,2006-08-01,27.038189,52.706262521743774,16.701092,22.26139,101.04551,101.73393
2006-04-01,2006-09-01,27.246353,69.01667490005494,17.189215,22.713179,100.936134,101.62333
2006-04-01,2006-10-01,27.177828,102.8931249332428,17.74675,23.202856,100.74222,101.42826
2006-05-01,2006-06-01,25.590933,155.9587205886841,16.678394,22.209282,100.84288,101.533264
2006-05-01,2006-07-01,26.822144,61.75411590337753,16.863155,22.40727,100.96948,101.65788
2006-05-01,2006-08-01,27.076431,66.24257422447205,17.008144,22.55311,101.00868,101.69677
2006-05-01,2006-09-01,27.285093,79.33798170089722,17.515245,23.011187,100.88578,101.57255
2006-05-01,2006-10-01,27.141674,119.27857227802276,17.779882,23.229546,100.713455,101.399376
2006-05-01,2006-11-01,26.626265,139.39424743652344,17.86998,23.286821,100.556496,101.24253
2006-06-01,2006-07-01,27.026186,81.21397812843323,17.277245,22.792114,100.89602,101.58345
2006-06-01,2006-08-01,27.264498,77.00536602973938,17.362656,22.889254,100.99757,101.68515
2006-06-01,2006-09-01,27.395435,92.59832038879395,17.829418,23.298862,100.85729,101.54361
2006-06-01,2006-10-01,27.26806,116.29847829818726,18.082943,23.504301,100.69876,101.3843
2006-06-01,2006-11-01,26.691704,135.61332607269287,17.908232,23.321802,100.557,101.24289
2006-06-01,2006-12-01,25.83651,86.12025726318359,16.61842,22.112642,100.68056,101.369255
2006-07-01,2006-08-01,26.981089,71.5378334760666,17.235281,22.778872,101.057014,101.74565
2006-07-01,2006-09-01,27.304018,85.24018363952636,17.649876,23.139292,100.8891,101.57585
2006-07-01,2006-10-01,27.278149,99.98708601951598,17.930445,23.370865,100.72862,101.414345
2006-07-01,2006-11-01,26.748472,134.32108826637267,17.870186,23.28901,100.56954,101.25538
2006-07-01,2006-12-01,25.698462,119.19048736572266,16.871235,22.35847,100.65032,101.339134
2006-07-01,2007-01-01,24.70144,57.33191605567932,15.111146,20.607573,100.85502,101.54755
2006-08-01,2006-09-01,26.846216,115.81107959747314,17.832918,23.29519,100.80875,101.496
2006-08-01,2006-10-01,27.083092,114.91561546325684,18.067167,23.493511,100.717316,101.4034
2006-08-01,2006-11-01,26.667524,133.81339416503906,18.002512,23.408863,100.56134,101.247314
2006-08-01,2006-12-01,25.748032,107.18670457839966,16.81128,22.308578,100.70016,101.3892
2006-08-01,2007-01-01,24.846441,64.84178324699401,15.45898,20.984976,100.88878,101.58121
2006-08-01,2007-02-01,24.168306,50.28890460014343,14.473067,19.94231,100.99063,101.68534
2006-09-01,2006-10-01,27.009262,121.83149149894714,18.145395,23.558844,100.68198,101.36799
2006-09-01,2006-11-01,26.726694,128.9265784263611,17.97122,23.382671,100.5776,101.26354
2006-09-01,2006-12-01,25.808033,120.83215010166168,16.954779,22.43766,100.63743,101.325905
2006-09-01,2007-01-01,24.884916,64.23064133167267,15.490785,21.004175,100.85055,101.54262
2006-09-01,2007-02-01,23.995533,51.16830009460449,14.304632,19.747643,100.96111,101.65603
2006-09-01,2007-03-01,24.00479,41.8452517414093,13.953283,19.35488,100.9713,101.66626
2006-10-01,2006-11-01,26.661558,144.8747434616089,17.817839,23.230572,100.505745,101.191345
2006-10-01,2006-12-01,25.754711,109.6852074432373,16.829584,22.322056,100.65247,101.34117
2006-10-01,2007-01-01,24.794575,60.45185631752014,15.2823925,20.79309,100.87755,101.57002
2006-10-01,2007-02-01,24.115961,41.14546895980835,14.290025,19.733053,100.97261,101.66731
2006-10-01,2007-03-01,24.085024,45.13059531927109,13.970061,19.367525,100.98699,101.68186
2006-10-01,2007-04-01,24.192223,45.13232560157776,13.688016,19.04729,100.98737,101.682014
2006-11-01,2006-12-01,25.633062,91.88322708129883,16.478302,21.983852,100.671974,101.36109
2006-11-01,2007-01-01,24.83481,67.89478831768037,15.401554,20.92184,100.88338,101.5758
2006-11-01,2007-02-01,24.195747,44.271792850494386,14.396411,19.847994,100.97375,101.66828
2006-11-01,2007-03-01,24.147505,44.95286548137665,14.022179,19.435837,100.99705,101.69186
2006-11-01,2007-04-01,24.390493,41.07532839775085,14.03613,19.437584,100.94331,101.63718
2006-11-01,2007-05-01,24.936285,49.347044069767,14.356556,19.803131,100.94711,101.639725
2006-12-01,2007-01-01,24.706577,67.06028800487519,15.465423,20.994713,100.88954,101.582306
2006-12-01,2007-02-01,24.1269,44.22936050415039,14.469182,19.934664,100.974815,101.66951
2006-12-01,2007-03-01,24.050776,50.28159306764603,14.003901,19.41645,100.99352,101.68852
2006-12-01,2007-04-01,24.350473,40.74438536167145,13.880023,19.265543,100.96811,101.66224
2006-12-01,2007-05-01,24.934624,58.496740000247954,14.37528,19.832125,100.982185,101.67505
2006-12-01,2007-06-01,25.786217,55.60873410701752,15.416735,20.94562,100.94719,101.63783
2007-01-01,2007-02-01,23.89145,68.66891012191772,14.604022,20.08604,100.97169,101.666916
2007-01-01,2007-03-01,23.902456,56.34115003824234,14.010498,19.411627,100.945145,101.64017
2007-01-01,2007-04-01,24.19352,45.28566226959229,13.8422985,19.224333,100.977264,101.67183
2007-01-01,2007-05-01,24.772408,65.91011075735092,14.419498,19.87073,100.93153,101.62442
2007-01-01,2007-06-01,25.643824,68.80922291278839,15.499973,21.029898,100.92785,101.61869
2007-01-01,2007-07-01,26.537281,56.65217701435089,16.339989,21.896177,100.999825,101.689095
2007-02-01,2007-03-01,24.4223,40.66584237098694,14.288623,19.74813,101.047585,101.74209
2007-02-01,2007-04-01,24.438238,52.887462329864505,14.060716,19.477964,100.969124,101.663055
2007-02-01,2007-05-01,24.878862,65.55815869092942,14.529333,19.996052,100.95756,101.65038
2007-02-01,2007-06-01,25.78227,72.36231043338776,15.603079,21.139643,100.9345,101.62507
2007-02-01,2007-07-01,26.604214,54.34168830871582,16.310514,21.870708,101.0141,101.70331
2007-02-01,2007-08-01,26.917252,50.22194146156311,16.430182,21.998335,101.054886,101.743645
2007-03-01,2007-04-01,24.675337,82.69040894508362,14.643116,20.105806,100.83996,101.53245
2007-03-01,2007-05-01,25.022436,74.19053013324738,14.850268,20.33691,100.90317,101.595276
2007-03-01,2007-06-01,25.843891,95.8292934179306,16.008419,21.551079,100.90333,101.59354
2007-03-01,2007-07-01,26.61483,69.67011094093323,16.666618,22.218891,100.991394,101.68042
2007-03-01,2007-08-01,26.944887,63.95469214916229,16.783379,22.340689,101.047195,101.73585
2007-03-01,2007-09-01,27.103209,66.4623735666275,17.07619,22.60478,100.93557,101.62309
2007-04-01,2007-05-01,24.923315,54.5007102560997,14.585283,20.053307,100.89916,101.59148
2007-04-01,2007-06-01,25.861362,108.99835309982299,16.189367,21.723833,100.86179,101.55169
2007-04-01,2007-07-01,26.663687,62.5289549279213,16.63009,22.184633,101.00892,101.69796
2007-04-01,2007-08-01,26.940786,58.84729709386826,16.692404,22.256147,101.05601,101.74473
2007-04-01,2007-09-01,27.05728,70.47713778018951,17.056433,22.585854,100.93264,101.62025
2007-04-01,2007-10-01,27.020454,95.78470939159394,17.469625,22.94776,100.74889,101.43534
2007-05-01,2007-06-01,25.619516,169.79615306854248,16.96978,22.485933,100.81579,101.50592
2007-05-01,2007-07-01,26.709595,89.96795366764069,17.34624,22.865826,100.96204,101.65066
2007-05-01,2007-08-01,26.95938,68.89683022975922,17.103266,22.647163,101.030174,101.71868
2007-05-01,2007-09-01,27.14392,85.17681641578675,17.46338,22.963364,100.88316,101.57024
2007-05-01,2007-10-01,27.017584,107.02534420013427,17.750822,23.20268,100.71449,101.40071
2007-05-01,2007-11-01,26.516176,129.2185203552246,17.722815,23.15318,100.577675,101.264114
2007-06-01,2007-07-01,26.73681,89.645233502388,17.204975,22.741783,101.00584,101.69469
2007-06-01,2007-08-01,27.041332,60.79063337802887,16.873415,22.436987,101.08084,101.7695
2007-06-01,2007-09-01,27.14061,76.46156458854675,17.24433,22.767584,100.938614,101.626076
2007-06-01,2007-10-01,27.058071,90.24468289375305,17.428886,22.916225,100.78729,101.473915
2007-06-01,2007-11-01,26.550552,105.44677305221558,17.414478,22.87484,100.616,101.302605
2007-06-01,2007-12-01,25.550474,86.52638621807098,16.24964,21.759605,100.70333,101.39285
2007-07-01,2007-08-01,27.11602,56.40507022857666,16.94935,22.501724,101.02959,101.717735
2007-07-01,2007-09-01,27.189585,76.23223600387573,17.284397,22.8023,100.92017,101.6074
2007-07-01,2007-10-01,26.997349,99.75790826320649,17.52292,23.000141,100.76589,101.45251
2007-07-01,2007-11-01,26.410728,119.78133659362793,17.44344,22.898775,100.60272,101.28957
2007-07-01,2007-12-01,25.304428,118.07500225067139,16.30382,21.81107,100.69586,101.385895
2007-07-01,2008-01-01,24.374165,63.631192235946656,14.848812,20.331833,100.884674,101.57817
2007-08-01,2007-09-01,27.16191,93.45151448249817,17.644228,23.122808,100.81874,101.50533
2007-08-01,2007-10-01,27.07681,95.76210409164429,17.671427,23.137798,100.75881,101.44518
2007-08-01,2007-11-01,26.566412,113.40689764022827,17.543385,22.992582,100.60569,101.292206
2007-08-01,2007-12-01,25.453863,118.47800837039948,16.46985,21.968744,100.64501,101.33436
2007-08-01,2008-01-01,24.545172,63.86972445487976,15.043136,20.547466,100.89321,101.586365
2007-08-01,2008-02-01,23.704418,54.02832245349884,14.041986,19.457691,100.98582,101.681595
2007-09-01,2007-10-01,26.794086,118.50451226234436,17.86243,23.308813,100.72726,101.41407
2007-09-01,2007-11-01,26.397446,121.56466970443725,17.477259,22.930542,100.601654,101.28851
2007-09-01,2007-12-01,25.428473,105.03445888519288,16.37235,21.877172,100.67963,101.369255
2007-09-01,2008-01-01,24.463022,75.91326211929321,15.125635,20.629917,100.88781,101.58112
2007-09-01,2008-02-01,23.66108,55.84628254890442,14.033407,19.449234,101.00667,101.702675
2007-09-01,2008-03-01,23.512611,53.20125524997711,13.575016,18.920456,101.005974,101.70233
2007-10-01,2007-11-01,26.266098,182.54578084945678,17.86878,23.277466,100.50571,101.192215
2007-10-01,2007-12-01,25.328218,133.88413425445557,16.609009,22.103315,100.63808,101.32766
2007-10-01,2008-01-01,24.334234,78.5024566936493,15.153308,20.653023,100.86348,101.55692
2007-10-01,2008-02-01,23.569693,65.10290473937988,14.194505,19.63073,101.00644,101.70267
2007-10-01,2008-03-01,23.37643,57.58508381128311,13.607631,18.959469,101.027054,101.72387
2007-10-01,2008-04-01,23.704897,46.3635146856308,13.457661,18.779665,101.00725,101.703156
2007-11-01,2007-12-01,25.2319,80.9356905889511,16.381971,21.87901,100.634125,101.3239
2007-11-01,2008-01-01,24.185493,64.24864974021912,14.652945,20.113297,100.87298,101.56685
2007-11-01,2008-02-01,23.545513,57.787240126132964,13.915197,19.315416,101.006935,101.70322
2007-11-01,2008-03-01,23.38224,56.14358969449997,13.537798,18.88195,101.03052,101.727356
2007-11-01,2008-04-01,23.567076,53.11660180091858,13.416814,18.735455,101.00988,101.70613
2007-11-01,2008-05-01,24.224487,45.83408164024353,13.777204,19.149206,100.96736,101.66177
2007-12-01,2008-01-01,23.988726,100.49065390586853,15.189537,20.690874,100.81582,101.50976
2007-12-01,2008-02-01,23.369654,75.23437401771545,14.027044,19.435026,100.973656,101.67013
2007-12-01,2008-03-01,23.33605,59.97853999137878,13.738625,19.117146,101.03907,101.73608
2007-12-01,2008-04-01,23.594254,52.36325318813324,13.496544,18.829,101.008766,101.70495
2007-12-01,2008-05-01,24.297758,48.5304115152359,13.8625145,19.242682,100.955734,101.6499
2007-12-01,2008-06-01,25.257984,50.48147249221802,14.914452,20.422115,100.97514,101.667206
2008-01-01,2008-02-01,23.103521,89.56056943893432,13.880779,19.265017,100.945076,101.641975
2008-01-01,2008-03-01,23.11526,68.99115223884583,13.502089,18.824879,101.00375,101.70103
2008-01-01,2008-04-01,23.390757,55.54133985042572,13.27157,18.559175,100.97534,101.671776
2008-01-01,2008-05-01,24.213276,63.188426656723024,14.072322,19.476646,100.92781,101.62198
2008-01-01,2008-06-01,25.276226,59.231724858284,15.118008,20.634956,100.94736,101.63918
2008-01-01,2008-07-01,26.235327,50.97807303905487,15.986755,21.54856,101.02518,101.71531
2008-02-01,2008-03-01,23.420347,50.67016335487366,13.52417,18.872526,101.0377,101.73448
2008-02-01,2008-04-01,23.65809,49.356627202034,13.270733,18.548649,100.96684,101.66259
2008-02-01,2008-05-01,24.401802,47.79842285633087,13.926841,19.325367,100.96973,101.66375
2008-02-01,2008-06-01,25.250748,57.3005350112915,15.020879,20.535316,100.970924,101.66298
2008-02-01,2008-07-01,26.187105,49.17505029439926,15.876338,21.432123,101.00333,101.69343
2008-02-01,2008-08-01,26.48563,64.69133557081223,16.152973,21.717623,101.035934,101.72556
2008-03-01,2008-04-01,23.899555,37.65595142841339,13.422659,18.74025,100.971405,101.66662
2008-03-01,2008-05-01,24.377974,54.96023509502411,13.892055,19.277916,100.920296,101.61404
2008-03-01,2008-06-01,25.204702,53.200526332855226,14.872093,20.37482,100.974495,101.66667
2008-03-01,2008-07-01,26.151548,47.214564802646635,15.734877,21.291353,101.02381,101.71412
2008-03-01,2008-08-01,26.491371,55.086906888484954,16.12986,21.698803,101.05361,101.74335
2008-03-01,2008-09-01,26.786568,71.55136227607727,16.810219,22.347046,100.92295,101.61112
2008-04-01,2008-05-01,24.255922,52.55971247673035,13.755149,19.122505,100.92375,101.61779
2008-04-01,2008-06-01,25.278599,61.08974153995514,15.031973,20.535992,100.91076,101.60233
2008-04-01,2008-07-01,26.172426,47.36267293930054,15.83979,21.397915,101.011185,101.70137
2008-04-01,2008-08-01,26.499205,60.5910765838623,16.298592,21.866138,101.04014,101.72977
2008-04-01,2008-09-01,26.864546,69.41800045967102,16.922382,22.455141,100.911575,101.59948
2008-04-01,2008-10-01,26.820522,99.56536668777466,17.330542,22.815552,100.74243,101.4293
2008-05-01,2008-06-01,25.297905,86.62596287727357,15.706884,21.241539,100.87126,101.56252
2008-05-01,2008-07-01,26.31144,58.192502374649045,16.289715,21.844702,100.9664,101.65596
2008-05-01,2008-08-01,26.751284,67.0298869252205,16.68023,22.234526,101.00349,101.69228
2008-05-01,2008-09-01,26.933247,96.72850255966186,17.384449,22.88351,100.84543,101.53274
2008-05-01,2008-10-01,26.97856,101.78158157348633,17.646162,23.103413,100.69576,101.381935
2008-05-01,2008-11-01,26.469526,124.22986350059509,17.608967,23.049223,100.57785,101.2644
2008-06-01,2008-07-01,26.337934,73.25900714874268,16.603355,22.155249,100.964134,101.65361
2008-06-01,2008-08-01,26.854301,64.98911052703858,16.846216,22.393726,100.97877,101.66716
2008-06-01,2008-09-01,27.100122,91.92542238235474,17.445673,22.938335,100.82702,101.51382
2008-06-01,2008-10-01,27.146694,96.53382560253144,17.73863,23.19105,100.70987,101.39576
2008-06-01,2008-11-01,26.49147,141.23339195251464,17.772915,23.193716,100.54117,101.22741
2008-06-01,2008-12-01,25.541723,97.48951382637024,16.497803,21.998785,100.66508,101.35435
2008-07-01,2008-08-01,26.814917,73.72983508110046,17.083315,22.61976,100.965866,101.65427
2008-07-01,2008-09-01,27.193384,80.76600708961487,17.56398,23.053316,100.85211,101.538864
2008-07-01,2008-10-01,27.094398,105.00717628002167,17.76485,23.214584,100.70688,101.39286
2008-07-01,2008-11-01,26.544312,123.79081935882569,17.669888,23.096783,100.52372,101.20972
2008-07-01,2008-12-01,25.543617,98.59252873897553,16.399855,21.89891,100.670746,101.36005
2008-07-01,2009-01-01,24.444595,61.475048837661745,14.935119,20.419147,100.88108,101.574394
2008-08-01,2008-09-01,27.158287,98.33154230117798,17.718504,23.180386,100.75088,101.43701
2008-08-01,2008-10-01,27.048872,117.94871663570405,17.876783,23.310776,100.663086,101.34888
2008-08-01,2008-11-01,26.582798,119.04884090423585,17.781242,23.203188,100.54813,101.2342
2008-08-01,2008-12-01,25.561548,98.91992753982544,16.53689,22.038668,100.67121,101.36049
2008-08-01,2009-01-01,24.476187,57.56966867446899,15.029896,20.529585,100.88793,101.58121
2008-08-01,2009-02-01,23.665806,53.90717092514038,14.030488,19.445856,100.97877,101.67457
2008-09-01,2008-10-01,26.765425,152.5078238105774,18.230097,23.628002,100.63672,101.32299
2008-09-01,2008-11-01,26.477592,145.5476408958435,17.929808,23.337427,100.53101,101.21722
2008-09-01,2008-12-01,25.482544,117.03278284549714,16.619164,22.111782,100.64946,101.33877
2008-09-01,2009-01-01,24.504711,57.20719407558441,15.102787,20.604223,100.87875,101.57191
2008-09-01,2009-02-01,23.759731,41.76815043449402,14.04573,19.467731,101.02266,101.718544
2008-09-01,2009-03-01,23.560444,49.01446995973587,13.6716385,19.03148,101.01677,101.71307
2008-10-01,2008-11-01,26.04111,178.3808970451355,17.708576,23.130728,100.50624,101.19328
2008-10-01,2008-12-01,25.142046,104.74365605831146,16.29134,21.799175,100.69639,101.38681
2008-10-01,2009-01-01,24.105083,55.07519049167633,14.726439,20.202946,100.906845,101.60112
2008-10-01,2009-02-01,23.399351,53.31272420883179,13.954006,19.363844,101.027405,101.72417
2008-10-01,2009-03-01,23.259584,46.19442896842956,13.398089,18.713512,101.05218,101.74945
2008-10-01,2009-04-01,23.367563,40.326888012886045,13.06325,18.315075,101.031364,101.72823
2008-11-01,2008-12-01,25.216412,80.52878232955932,16.282291,21.78853,100.68585,101.37602
2008-11-01,2009-01-01,24.074936,59.59910376787186,14.682268,20.15901,100.93732,101.631874
2008-11-01,2009-02-01,23.357681,50.40270860671997,13.903578,19.301022,101.01838,101.71519
2008-11-01,2009-03-01,23.139332,46.288334939479824,13.261078,18.55988,101.069725,101.7674
2008-11-01,2009-04-01,23.391352,36.64284210205078,13.031259,18.274195,101.0154,101.71211
2008-11-01,2009-05-01,24.042221,39.83399564027786,13.560656,18.900427,100.992455,101.68747
2008-12-01,2009-01-01,23.739164,56.91253574609757,14.18305,19.610573,100.97312,101.668724
2008-12-01,2009-02-01,23.163834,51.54674013137817,13.62827,18.979607,101.013245,101.71047
2008-12-01,2009-03-01,23.11396,46.164390563964844,13.292633,18.596704,101.05372,101.75135
2008-12-01,2009-04-01,23.55771,37.48695316314697,13.353988,18.665905,101.02738,101.72378
2008-12-01,2009-05-01,24.210258,40.289132382869724,13.814434,19.1978,100.97542,101.66992
2008-12-01,2009-06-01,25.359604,46.797949862480166,14.996777,20.505024,100.96243,101.65417
2009-01-01,2009-02-01,23.399956,46.78047423362732,13.928459,19.33821,101.03131,101.7281
2009-01-01,2009-03-01,23.084888,57.046612780094144,13.2635765,18.558874,101.0565,101.75422
2009-01-01,2009-04-01,23.318188,47.462023401260375,13.161164,18.43318,101.02994,101.72692
2009-01-01,2009-05-01,24.125473,47.58639452934265,13.728041,19.093727,100.98496,101.67973
2009-01-01,2009-06-01,25.16147,52.19570395946503,14.907877,20.416441,100.99837,101.69082
2009-01-01,2009-07-01,26.130621,54.02520442724228,15.910736,21.472065,101.036125,101.72657
2009-02-01,2009-03-01,23.238745,60.97148080348968,13.444263,18.765524,100.995804,101.692726
2009-02-01,2009-04-01,23.309595,63.496939587593076,13.219194,18.497486,100.993866,101.69061
2009-02-01,2009-05-01,24.096764,59.456489565372465,13.906219,19.303648,100.997314,101.69224
2009-02-01,2009-06-01,25.139254,54.4128000497818,15.039066,20.55726,101.007774,101.70033
2009-02-01,2009-07-01,26.264107,38.081743874549865,15.771719,21.336489,101.06076,101.751076
2009-02-01,2009-08-01,26.669312,42.51563617229462,16.095467,21.674576,101.11752,101.80728
2009-03-01,2009-04-01,23.412466,54.56895525455475,13.169345,18.444635,101.01559,101.712234
2009-03-01,2009-05-01,24.176186,50.905967786312104,13.81785,19.201218,100.98784,101.68252
2009-03-01,2009-06-01,25.206226,53.72028830051422,15.000196,20.523598,101.04071,101.73334
2009-03-01,2009-07-01,26.284752,34.64875091791153,15.655657,21.222729,101.09989,101.79043
2009-03-01,2009-08-01,26.668257,40.53488403320313,15.973577,21.554058,101.12922,101.81907
2009-03-01,2009-09-01,26.870533,52.995337343215944,16.46608,22.032846,101.050026,101.73887
2009-04-01,2009-05-01,24.38602,38.85229642868042,13.885834,19.28069,100.9733,101.66738
2009-04-01,2009-06-01,25.406607,80.22285962104797,15.523901,21.064018,100.97931,101.67105
2009-04-01,2009-07-01,26.439312,41.163953721523285,16.04919,21.620522,101.0822,101.772255
2009-04-01,2009-08-01,26.7669,44.447279415130616,16.283484,21.866304,101.13357,101.82321
2009-04-01,2009-09-01,27.016197,53.849285459518434,16.780312,22.338472,101.03745,101.72587
2009-04-01,2009-10-01,26.91142,82.9343723487854,17.168219,22.681694,100.864075,101.55155
2009-05-01,2009-06-01,25.006304,110.39695658683777,15.603362,21.149595,100.96185,101.65441
2009-05-01,2009-07-01,26.465132,40.82252529621124,16.199993,21.7719,101.06874,101.758644
2009-05-01,2009-08-01,26.907621,41.17720551967621,16.39477,21.973139,101.110115,101.799286
2009-05-01,2009-09-01,27.153236,54.10728027820587,16.885761,22.43319,101.00027,101.68812
2009-05-01,2009-10-01,27.082935,79.98389977455139,17.268614,22.769888,100.83429,101.521164
2009-05-01,2009-11-01,26.62976,100.58258657455444,17.413668,22.879723,100.66275,101.3495
2009-06-01,2009-07-01,26.209557,76.84634415626526,16.684332,22.236412,100.97674,101.6666
2009-06-01,2009-08-01,27.097553,56.72155418395996,17.081192,22.634644,101.07551,101.76401
2009-06-01,2009-09-01,27.292652,68.06918392181396,17.431334,22.952896,101.000916,101.68845
2009-06-01,2009-10-01,27.244194,87.84299102306366,17.690254,23.16231,100.80733,101.49365
2009-06-01,2009-11-01,26.838295,105.07411351203919,17.72553,23.165386,100.62326,101.309265
2009-06-01,2009-12-01,25.91066,93.11252450466156,16.619,22.130552,100.73584,101.42474
2009-07-01,2009-08-01,27.346128,58.70932213306427,17.505274,23.023657,101.00212,101.689545
2009-07-01,2009-09-01,27.38101,82.66626834869385,17.779173,23.271635,100.96796,101.65507
2009-07-01,2009-10-01,27.297827,107.31298679351806,18.071398,23.506401,100.771484,101.45744
2009-07-01,2009-11-01,26.88856,110.22873258590698,17.881437,23.312084,100.64679,101.33284
2009-07-01,2009-12-01,25.995289,85.24252181053161,16.787222,22.290289,100.72196,101.41058
2009-07-01,2010-01-01,25.094604,58.95642980575562,15.564718,21.093657,100.88299,101.5748
2009-08-01,2009-09-01,27.373842,65.13618907928466,17.580406,23.079546,100.91538,101.60215
2009-08-01,2009-10-01,27.234009,106.69950578212737,17.947184,23.392319,100.7666,101.452675
2009-08-01,2009-11-01,26.697407,115.16005697250367,17.824396,23.257397,100.630165,101.31654
2009-08-01,2009-12-01,25.852036,94.35039841651917,16.708874,22.209457,100.693245,101.382
2009-08-01,2010-01-01,24.796812,68.14771372318268,15.294212,20.804527,100.85132,101.5436
2009-08-01,2010-02-01,24.3098,41.18515164375305,14.563879,20.034283,100.96293,101.65712
2009-09-01,2009-10-01,27.106586,107.24127244949341,17.962915,23.395943,100.699394,101.3853
2009-09-01,2009-11-01,26.660698,120.08383827209472,17.804676,23.23816,100.62072,101.30712
2009-09-01,2009-12-01,25.736412,98.04920641899109,16.775091,22.272984,100.68503,101.373985
2009-09-01,2010-01-01,24.75563,62.993548276424406,15.236386,20.74311,100.89625,101.588936
2009-09-01,2010-02-01,24.132603,47.525390815734866,14.480217,19.93817,100.93164,101.62602
2009-09-01,2010-03-01,24.184917,44.763763777017594,14.144959,19.56152,100.94169,101.636024
2009-10-01,2009-11-01,26.770777,99.76560287475586,17.729193,23.17189,100.63922,101.325485
2009-10-01,2009-12-01,25.906754,88.38940247535706,16.719233,22.217173,100.681404,101.36995
2009-10-01,2010-01-01,24.952398,58.73432003974914,15.384331,20.907242,100.89602,101.58824
2009-10-01,2010-02-01,24.299332,50.34157396316528,14.630276,20.108912,100.93921,101.63326
2009-10-01,2010-03-01,24.15183,54.64890693664551,14.235935,19.664732,100.913704,101.60792
2009-10-01,2010-04-01,24.57682,49.289565968513486,14.188427,19.610348,100.90933,101.60254
2009-11-01,2009-12-01,25.652369,111.59019601821899,16.69539,22.18563,100.60885,101.29748
2009-11-01,2010-01-01,24.746635,54.962979068756106,15.190638,20.696606,100.875336,101.5679
2009-11-01,2010-02-01,24.19567,46.02363725185394,14.541748,20.014654,100.97446,101.66898
2009-11-01,2010-03-01,24.134644,48.44062608718872,14.099679,19.514322,100.93911,101.633545
2009-11-01,2010-04-01,24.585825,48.9213883638382,14.2266245,19.649166,100.91019,101.60337
2009-11-01,2010-05-01,25.166986,56.66589488744736,14.611054,20.077652,100.94238,101.63442
2009-12-01,2010-01-01,24.958246,59.62291638374329,15.565646,21.08564,100.82211,101.51382
2009-12-01,2010-02-01,24.397467,50.55426154136658,14.857535,20.353024,100.924095,101.61781
2009-12-01,2010-03-01,24.261879,53.051059532165525,14.276752,19.71355,100.92762,101.62167
2009-12-01,2010-04-01,24.698101,45.999036169052125,14.29397,19.728073,100.915344,101.6083
2009-12-01,2010-05-01,25.177885,65.86432403087616,14.73627,20.207115,100.90974,101.60153
2009-12-01,2010-06-01,25.921537,86.73274126052857,15.933489,21.474566,100.92667,101.61685
2010-01-01,2010-02-01,24.465094,59.09764766693115,15.32526,20.848824,100.89695,101.590324
2010-01-01,2010-03-01,24.42776,56.526674695014954,14.472744,19.921774,100.88502,101.57839
2010-01-01,2010-04-01,24.862612,51.4594367980957,14.461859,19.915817,100.9006,101.59306
2010-01-01,2010-05-01,25.341099,64.7155010318756,14.938184,20.431149,100.901985,101.59335
2010-01-01,2010-06-01,26.072641,68.8054505109787,15.852775,21.392056,100.908005,101.59772
2010-01-01,2010-07-01,26.829418,71.74596483707428,16.782469,22.326889,100.97106,101.659454
2010-02-01,2010-03-01,24.358198,51.6905515909195,14.524476,19.974665,100.8252,101.51833
2010-02-01,2010-04-01,24.683355,60.81213254928589,14.510007,19.953737,100.85578,101.54837
2010-02-01,2010-05-01,25.354076,77.86205471754074,15.172198,20.67518,100.8665,101.557594
2010-02-01,2010-06-01,25.96527,113.15493993759155,16.198318,21.732838,100.873245,101.562965
2010-02-01,2010-07-01,26.711899,103.92832365036011,17.269033,22.78642,100.94842,101.636925
2010-02-01,2010-08-01,27.19098,68.52578017711639,17.23892,22.768238,101.00229,101.69007
2010-03-01,2010-04-01,24.826694,85.64452571868897,15.091273,20.575102,100.77254,101.46421
2010-03-01,2010-05-01,25.659674,88.74099430561066,15.580762,21.099644,100.83755,101.52774
2010-03-01,2010-06-01,26.245747,115.97100563049317,16.519907,22.048706,100.855125,101.54408
2010-03-01,2010-07-01,26.950678,99.60122415542602,17.393291,22.896118,100.91696,101.60471
2010-03-01,2010-08-01,27.18109,81.90774834632873,17.374926,22.892925,100.97597,101.6636
2010-03-01,2010-09-01,27.395035,80.90330257415772,17.625067,23.11227,100.891594,101.578156
2010-04-01,2010-05-01,25.11483,106.60440579891205,14.626722,20.07233,100.75111,101.44196
2010-04-01,2010-06-01,26.074663,168.35756735801698,17.00608,22.520348,100.82217,101.51129
2010-04-01,2010-07-01,26.960922,121.66623223304748,17.954288,23.41317,100.85882,101.54615
2010-04-01,2010-08-01,27.278149,82.31465631008149,17.798311,23.287222,100.96396,101.65127
2010-04-01,2010-09-01,27.428717,92.49949879646302,18.046532,23.49483,100.84955,101.53574
2010-04-01,2010-10-01,27.28191,132.1156573009491,18.298834,23.695337,100.68259,101.36798
2010-05-01,2010-06-01,26.396782,109.2480498790741,16.760996,22.291695,100.863464,101.55213
2010-05-01,2010-07-01,26.984018,147.74965244293213,18.0895,23.525015,100.79077,101.47758
2010-05-01,2010-08-01,27.341274,103.07865025520324,18.070398,23.521791,100.88065,101.56725
2010-05-01,2010-09-01,27.41937,126.85432205200195,18.326828,23.735737,100.77097,101.45666
2010-05-01,2010-10-01,27.29854,151.1413299179077,18.57689,23.929556,100.59801,101.28279
2010-05-01,2010-11-01,26.800709,153.8321482658386,18.339918,23.699253,100.48609,101.17125
2010-06-01,2010-07-01,27.025318,121.04651663780213,18.17211,23.618023,100.89531,101.58274
2010-06-01,2010-08-01,27.272943,123.14107872009278,18.178682,23.619068,100.8676,101.55427
2010-06-01,2010-09-01,27.403599,119.21631231307984,18.35739,23.765064,100.78107,101.46686
2010-06-01,2010-10-01,27.231352,146.04874586105348,18.475664,23.843521,100.61871,101.30378
2010-06-01,2010-11-01,26.677994,176.10194177627562,18.331419,23.69109,100.47474,101.160095
2010-06-01,2010-12-01,25.619585,128.87052898406984,16.839445,22.323755,100.628174,101.317024
2010-07-01,2010-08-01,27.245737,103.94391447067261,18.11675,23.566519,100.88442,101.57128
2010-07-01,2010-09-01,27.381166,118.8142315864563,18.335289,23.742426,100.76086,101.44656
2010-07-01,2010-10-01,27.224947,140.14000648498535,18.486609,23.847368,100.581505,101.266335
2010-07-01,2010-11-01,26.707603,150.21041164398193,18.28537,23.64977,100.47478,101.160065
2010-07-01,2010-12-01,25.546665,114.61784072875976,16.49081,21.975824,100.62414,101.313126
2010-07-01,2011-01-01,24.523842,70.23915829181671,15.077893,20.565601,100.84756,101.54045
2010-08-01,2010-09-01,27.098373,129.9057509422302,18.421154,23.810308,100.704445,101.3904
2010-08-01,2010-10-01,27.135815,145.059538230896,18.56551,23.92068,100.59923,101.284386
2010-08-01,2010-11-01,26.622105,157.10159397125244,18.227652,23.600367,100.48853,101.17412
2010-08-01,2010-12-01,25.555414,136.97672613143922,16.73248,22.215239,100.594086,101.282845
2010-08-01,2011-01-01,24.36855,72.98461701869965,14.961584,20.444294,100.852425,101.545715
2010-08-01,2011-02-01,23.593208,56.85445306777954,14.050668,19.453394,100.9686,101.664505
2010-09-01,2010-10-01,27.06727,149.0841853904724,18.487978,23.842924,100.54248,101.22741
2010-09-01,2010-11-01,26.490513,179.7425371170044,18.248692,23.614252,100.454704,101.14035
2010-09-01,2010-12-01,25.525396,123.11145627975463,16.771917,22.253813,100.594315,101.28314
2010-09-01,2011-01-01,24.300932,80.45862526416778,14.950641,20.430182,100.85748,101.550964
2010-09-01,2011-02-01,23.480572,56.11657369613648,13.960692,19.349293,100.97311,101.66932
2010-09-01,2011-03-01,23.298843,51.32651720046997,13.412859,18.730982,101.03041,101.72744
2010-10-01,2010-11-01,26.134819,209.3523639678955,18.070837,23.450123,100.43192,101.11824
2010-10-01,2010-12-01,25.294428,96.93553889274597,16.321287,21.815102,100.63687,101.32653
2010-10-01,2011-01-01,24.234488,71.98891685962677,14.811455,20.287897,100.87999,101.57378
2010-10-01,2011-02-01,23.519087,59.38639786720276,13.9963045,19.406754,100.99922,101.69551
2010-10-01,2011-03-01,23.402416,50.88093536376953,13.603715,18.95189,100.98626,101.68275
2010-10-01,2011-04-01,23.626127,42.99825757741928,13.274174,18.559538,100.9926,101.68859
2010-11-01,2010-12-01,25.052193,112.84677767276764,15.984872,21.475405,100.600716,101.29068
2010-11-01,2011-01-01,24.007095,76.52519427776336,14.647043,20.09944,100.81843,101.51232
2010-11-01,2011-02-01,23.24149,55.02651803970337,13.589312,18.92986,100.96519,101.661896
2010-11-01,2011-03-01,23.179926,49.96329211473465,13.277903,18.570904,101.02452,101.721794
2010-11-01,2011-04-01,23.349663,47.39610550403595,13.223727,18.486872,100.983795,101.68039
2010-11-01,2011-05-01,24.06476,49.02503454685211,13.696175,19.05864,100.97052,101.66533
2010-12-01,2011-01-01,23.736431,72.15287294864655,14.231457,19.639196,100.79495,101.48933
2010-12-01,2011-02-01,23.362906,57.50861223220825,13.870675,19.255007,100.95179,101.648125
2010-12-01,2011-03-01,23.381128,61.46829038143158,13.842068,19.22439,101.00344,101.70009
2010-12-01,2011-04-01,23.446352,51.586982417106626,13.319164,18.615866,101.0023,101.69879
2010-12-01,2011-05-01,24.115961,53.91508856773376,13.78431,19.160973,100.986176,101.68098
2010-12-01,2011-06-01,25.127602,80.88765735626221,15.073512,20.585308,100.96375,101.65604
2011-01-01,2011-02-01,23.338306,47.07830020904541,13.75208,19.115475,100.94573,101.64208
2011-01-01,2011-03-01,23.376793,64.51750329017639,13.721426,19.080622,100.98581,101.68235
2011-01-01,2011-04-01,23.448618,50.60209436416626,13.302888,18.59364,100.988144,101.684525
2011-01-01,2011-05-01,24.1643,46.126749136447906,13.732065,19.098394,100.95847,101.65297
2011-01-01,2011-06-01,25.322182,62.80065557956696,15.211909,20.732319,100.943115,101.63481
2011-01-01,2011-07-01,26.319057,49.311468937397,16.104673,21.663618,100.99658,101.686325
2011-02-01,2011-03-01,23.765415,68.69025792121887,14.132591,19.562525,100.99696,101.692665
2011-02-01,2011-04-01,23.551235,56.22706360816956,13.3523445,18.647213,100.97408,101.670135
2011-02-01,2011-05-01,24.408062,46.97642230987549,13.956956,19.352789,100.95868,101.65262
2011-02-01,2011-06-01,25.360474,64.03028011322021,15.175175,20.695015,100.94427,101.63588
2011-02-01,2011-07-01,26.300776,57.04349489688873,16.117243,21.67771,101.02155,101.71152
2011-02-01,2011-08-01,26.741802,49.24442709445953,16.2472,21.816078,101.05524,101.74441
2011-03-01,2011-04-01,23.697798,52.38127870559693,13.573986,18.917292,100.97298,101.66867
2011-03-01,2011-05-01,24.335249,56.629571566581724,13.934144,19.322506,100.947624,101.64165
2011-03-01,2011-06-01,25.400385,64.4029399394989,15.302074,20.828794,100.94332,101.63483
2011-03-01,2011-07-01,26.432241,51.5899935567379,16.17299,21.732594,101.00477,101.694305
2011-03-01,2011-08-01,26.820503,49.748774507045745,16.40161,21.971783,101.06965,101.75874
2011-03-01,2011-09-01,27.051987,61.77621917724609,16.961094,22.50353,100.9783,101.66623
2011-04-01,2011-05-01,25.00523,44.27578556537628,14.557476,20.019468,100.87353,101.56547
2011-04-01,2011-06-01,25.6277,86.43133563995362,15.647141,21.176128,100.88268,101.57325
2011-04-01,2011-07-01,26.538052,57.20017745256424,16.438385,21.994732,100.99163,101.68084
2011-04-01,2011-08-01,26.984156,55.97711535215378,16.69521,22.255474,101.03689,101.72537
2011-04-01,2011-09-01,27.151793,78.84160623550414,17.27651,22.791607,100.91399,101.60125
2011-04-01,2011-10-01,27.1736,103.86362482070923,17.736013,23.189682,100.72745,101.4134
2011-05-01,2011-06-01,25.777428,143.97326731681824,16.658136,22.174839,100.7695,101.45895
2011-05-01,2011-07-01,26.673355,76.00914332866668,16.999554,22.53484,100.95833,101.647
2011-05-01,2011-08-01,26.998695,69.04337894439698,17.026701,22.569508,101.00071,101.68893
2011-05-01,2011-09-01,27.219585,78.2192500591278,17.513304,23.010181,100.87966,101.56654
2011-05-01,2011-10-01,27.178345,111.19887872695922,17.88671,23.32853,100.7258,101.41172
2011-05-01,2011-11-01,26.61724,128.58560314178467,17.778437,23.206959,100.588486,101.27476
2011-06-01,2011-07-01,26.336088,208.74607498168945,18.1412,23.578053,100.82085,101.50937
2011-06-01,2011-08-01,26.759527,95.07924620628357,17.742638,23.240952,100.98733,101.675995
2011-06-01,2011-09-01,26.950796,110.9770691871643,18.053959,23.503668,100.85254,101.53984
2011-06-01,2011-10-01,27.021704,126.67385022163391,18.236483,23.635513,100.65363,101.339424
2011-06-01,2011-11-01,26.547535,148.10797748565673,17.994162,23.39518,100.53027,101.21631
2011-06-01,2011-12-01,25.55104,123.90422566413879,16.770939,22.255709,100.6145,101.30342
2011-07-01,2011-08-01,26.558022,115.71462164878845,17.792799,23.271343,100.88794,101.576385
2011-07-01,2011-09-01,27.029829,103.38733921051025,18.07243,23.522223,100.86085,101.548035
2011-07-01,2011-10-01,26.931274,130.4280048084259,18.126196,23.539936,100.67606,101.36221
2011-07-01,2011-11-01,26.544731,143.50405139923095,18.024643,23.421001,100.5157,101.20164
2011-07-01,2011-12-01,25.500015,115.39891655445099,16.553997,22.040277,100.60819,101.29718
2011-07-01,2012-01-01,24.395689,82.53292143821716,15.143791,20.633608,100.83307,101.52616
2011-08-01,2011-09-01,26.928198,113.37898750305176,18.312342,23.72188,100.758125,101.44485
2011-08-01,2011-10-01,26.92478,129.06229051589966,18.207312,23.612036,100.66832,101.35443
2011-08-01,2011-11-01,26.44642,156.12241973876954,18.00267,23.398657,100.50566,101.19176
2011-08-01,2011-12-01,25.607779,116.3390132188797,16.768425,22.250904,100.59864,101.287315
2011-08-01,2012-01-01,24.343462,76.42150716304779,15.012895,20.492798,100.82565,101.51883
2011-08-01,2012-02-01,23.57939,49.44951562404633,13.910003,19.30529,100.994255,101.690384
2011-09-01,2011-10-01,26.627789,146.8422936630249,18.226814,23.622915,100.62475,101.31125
2011-09-01,2011-11-01,26.359547,152.57008380889891,18.070862,23.46145,100.50283,101.18911
2011-09-01,2011-12-01,25.427544,125.77818662643432,16.83324,22.313354,100.59681,101.28588
2011-09-01,2012-01-01,24.31559,68.20617796897888,14.99415,20.474752,100.87771,101.5713
2011-09-01,2012-02-01,23.633501,58.76828942298889,14.1807995,19.612223,100.966286,101.66209
2011-09-01,2012-03-01,23.445845,50.650675716400144,13.61547,18.961657,101.00376,101.700264
2011-10-01,2011-11-01,26.397045,126.28175411224365,17.832054,23.247154,100.52724,101.2136
2011-10-01,2011-12-01,25.203363,117.56785905361176,16.28068,21.779243,100.641426,101.33133
2011-10-01,2012-01-01,24.223755,59.85776139259338,14.843093,20.320515,100.86812,101.56186
2011-10-01,2012-02-01,23.466694,56.447630643844604,13.867396,19.267233,101.035515,101.732185
2011-10-01,2012-03-01,23.251362,57.14438526630401,13.521775,18.85735,100.99777,101.69469
2011-10-01,2012-04-01,23.429615,51.939572596549986,13.325972,18.631462,101.01858,101.71522
2011-11-01,2011-12-01,24.82265,194.00697004318238,16.172398,21.661518,100.592705,101.28316
2011-11-01,2012-01-01,23.878002,61.480922150611875,14.508119,19.963726,100.914474,101.60934
2011-11-01,2012-02-01,23.39647,51.782164556980135,13.979103,19.378952,101.00265,101.69925
2011-11-01,2012-03-01,23.325464,48.93981888532639,13.56162,18.912945,101.042,101.73905
2011-11-01,2012-04-01,23.594194,45.80674467086792,13.412165,18.725554,101.0038,101.69995
2011-11-01,2012-05-01,24.318481,46.84765931367874,13.808125,19.181236,100.97143,101.66566
2011-12-01,2012-01-01,24.06688,88.2467799949646,14.979038,20.46025,100.79922,101.49285
2011-12-01,2012-02-01,23.390415,68.38808539628982,14.04548,19.459284,101.03914,101.736015
2011-12-01,2012-03-01,23.291557,60.94149627923966,13.733185,19.108698,101.02686,101.723885
2011-12-01,2012-04-01,23.66603,44.90812997817993,13.561166,18.897467,100.98152,101.67735
2011-12-01,2012-05-01,24.242485,63.4934193444252,13.983359,19.376402,100.955,101.6493
2011-12-01,2012-06-01,25.432026,63.73446750640869,15.424727,20.960562,100.97408,101.665726
2012-01-01,2012-02-01,23.531733,59.87525369167328,14.190191,19.641294,101.06933,101.766075
2012-01-01,2012-03-01,23.40355,64.83320853233337,13.830435,19.221256,101.03189,101.72869
2012-01-01,2012-04-01,23.618013,53.268042826652525,13.551803,18.89026,100.98625,101.68223
2012-01-01,2012-05-01,24.44776,56.838481492996216,14.218253,19.646177,100.93161,101.62527
2012-01-01,2012-06-01,25.40727,78.35956234931946,15.436248,20.972427,100.96087,101.65248
2012-01-01,2012-07-01,26.341011,60.40866951465607,16.281942,21.845425,101.04101,101.731
2012-02-01,2012-03-01,23.319164,64.63988794803619,13.665252,19.013687,100.9193,101.61552
2012-02-01,2012-04-01,23.652319,56.36285026073456,13.538355,18.873043,100.99752,101.69349
2012-02-01,2012-05-01,24.463295,54.73222644329071,14.221126,19.654078,100.94252,101.63621
2012-02-01,2012-06-01,25.454361,63.049597549438474,15.4227,20.953785,100.94848,101.6399
2012-02-01,2012-07-01,26.377357,56.55630615234375,16.188013,21.749008,101.02699,101.71682
2012-02-01,2012-08-01,26.80609,51.55335615634918,16.479485,22.04727,101.060234,101.74929
2012-03-01,2012-04-01,23.735249,94.04294171333314,13.998448,19.401129,100.94675,101.64218
2012-03-01,2012-05-01,24.528051,80.88853061914443,14.5750675,20.039957,100.89639,101.58962
2012-03-01,2012-06-01,25.551392,67.87380208969117,15.553441,21.090874,100.94951,101.64072
2012-03-01,2012-07-01,26.582691,45.43648645401001,16.206656,21.776539,101.05574,101.745285
2012-03-01,2012-08-01,26.910582,44.657749428749085,16.340921,21.915533,101.08971,101.77872
2012-03-01,2012-09-01,27.122124,49.08618521690369,16.78757,22.338129,101.0001,101.68802
2012-04-01,2012-05-01,24.612076,143.49036929130554,15.449224,20.95726,100.78634,101.47861
2012-04-01,2012-06-01,25.685308,101.60702347755432,16.211742,21.74899,100.87084,101.56119
2012-04-01,2012-07-01,26.633686,57.048951063156125,16.684317,22.237974,101.0082,101.6973
2012-04-01,2012-08-01,26.934282,53.34468719005585,16.780712,22.342857,101.06598,101.754776
2012-04-01,2012-09-01,27.18271,64.59983038902283,17.175879,22.704067,100.95787,101.64536
2012-04-01,2012-10-01,27.16733,82.12835124015808,17.539047,23.017427,100.781944,101.468285
2012-05-01,2012-06-01,25.532944,185.60173988342285,16.753664,22.281588,100.83984,101.53034
2012-05-01,2012-07-01,26.695454,61.425938980579375,16.926323,22.480484,101.04105,101.73025
2012-05-01,2012-08-01,27.003843,62.650560503005984,16.979773,22.535425,101.06043,101.74903
2012-05-01,2012-09-01,27.196772,78.50138468742371,17.468391,22.976988,100.93329,101.62058
2012-05-01,2012-10-01,27.184273,99.0415317106247,17.851078,23.3006,100.74933,101.4354
2012-05-01,2012-11-01,26.69396,131.30448746681213,17.674559,23.11185,100.59646,101.28261
2012-06-01,2012-07-01,26.975815,50.36225433588028,16.709284,22.261412,100.97745,101.66556
2012-06-01,2012-08-01,27.138638,66.63389255046845,17.063898,22.608892,101.016884,101.70488
2012-06-01,2012-09-01,27.336998,80.1353530883789,17.591599,23.087505,100.90756,101.59435
2012-06-01,2012-10-01,27.27731,113.15312815666199,18.084976,23.507378,100.70671,101.39229
2012-06-01,2012-11-01,26.841158,116.79628944396973,17.9891,23.399965,100.58405,101.26978
2012-06-01,2012-12-01,25.899927,103.5861156988144,16.837566,22.335033,100.6951,101.38375
2012-07-01,2012-08-01,27.129438,81.20540400505065,17.409752,22.921547,100.9237,101.611084
2012-07-01,2012-09-01,27.404146,85.49365224838257,17.772789,23.260025,100.93168,101.618484
2012-07-01,2012-10-01,27.27229,103.86518357753754,17.996538,23.431137,100.72912,101.414856
2012-07-01,2012-11-01,26.739546,119.39359016418457,17.863508,23.287964,100.59533,101.28138
2012-07-01,2012-12-01,25.680454,116.57053036689759,16.764887,22.260767,100.6629,101.351845
2012-07-01,2013-01-01,24.854486,57.71855641126633,15.305885,20.816566,100.88254,101.574905
2012-08-01,2012-09-01,27.065123,92.41274499893188,17.72377,23.19936,100.83633,101.52327
2012-08-01,2012-10-01,27.126528,106.17177280426026,17.938757,23.385405,100.77446,101.46084
2012-08-01,2012-11-01,26.64647,117.71058568954467,17.827131,23.253628,100.59326,101.2795
2012-08-01,2012-12-01,25.775307,107.77601887226105,16.806854,22.300083,100.66151,101.35021
2012-08-01,2013-01-01,24.761684,77.89401573657989,15.361922,20.88058,100.869934,101.56243
2012-08-01,2013-02-01,24.034906,60.141093711853024,14.460291,19.924196,100.9819,101.676865
2012-09-01,2012-10-01,26.954449,96.16745211601257,17.907421,23.35601,100.76399,101.45069
2012-09-01,2012-11-01,26.720688,117.51897597312927,17.890507,23.307955,100.57383,101.259766
2012-09-01,2012-12-01,25.81184,114.8220733499527,16.876623,22.36315,100.64428,101.332794
2012-09-01,2013-01-01,24.896635,75.83297232151031,15.556466,21.077183,100.85185,101.543915
2012-09-01,2013-02-01,24.362417,51.36544279098511,14.827673,20.331295,100.99879,101.69309
2012-09-01,2013-03-01,24.027544,50.05434487342834,14.0204935,19.43358,100.99129,101.68634
2012-10-01,2012-11-01,26.509594,130.9354700088501,17.706486,23.137798,100.560905,101.24724
2012-10-01,2012-12-01,25.727896,107.01502610206605,16.747456,22.237154,100.65335,101.34212
2012-10-01,2013-01-01,24.686304,65.92315590381622,15.180066,20.687788,100.90291,101.5958
2012-10-01,2013-02-01,23.935785,50.384311056137086,14.256614,19.700895,100.985664,101.68088
2012-10-01,2013-03-01,23.736256,47.36665955781937,13.729181,19.097837,100.98406,101.67975
2012-10-01,2013-04-01,24.075005,44.34682531356812,13.633989,18.98321,100.97127,101.66608
2012-11-01,2012-12-01,25.407866,129.45438799858093,16.450499,21.94395,100.61282,101.30205
2012-11-01,2013-01-01,24.583237,74.57568955898284,15.288324,20.795767,100.86069,101.553535
2012-11-01,2013-02-01,23.946129,54.7961664390564,14.389392,19.844147,100.95666,101.65166
2012-11-01,2013-03-01,23.890102,49.127750561237335,13.944349,19.345953,100.978905,101.67419
2012-11-01,2013-04-01,24.182896,42.89250841140747,13.77852,19.152525,100.96508,101.65958
2012-11-01,2013-05-01,24.70058,58.310476837158205,14.346,19.785797,100.927666,101.6207
2012-12-01,2013-01-01,24.271313,104.74447778701783,15.186853,20.682192,100.78494,101.478
2012-12-01,2013-02-01,23.941792,49.74717464447021,14.410419,19.865192,100.9722,101.66731
2012-12-01,2013-03-01,23.768227,51.50288805961609,13.916332,19.31569,101.01307,101.70888
2012-12-01,2013-04-01,24.075132,43.790578150749205,13.783414,19.15772,100.96935,101.66413
2012-12-01,2013-05-01,24.690346,50.33577150821686,14.2152,19.637154,100.93002,101.623085
2012-12-01,2013-06-01,25.577662,51.93992164134979,15.282161,20.802807,100.950714,101.64187
2013-01-01,2013-02-01,23.951576,51.0922597694397,14.147682,19.585993,101.05469,101.75035
2013-01-01,2013-03-01,23.718277,45.158198766708374,13.743736,19.114557,100.99729,101.693115
2013-01-01,2013-04-01,23.958324,39.832312273979184,13.501966,18.83484,100.98227,101.677414
2013-01-01,2013-05-01,24.63313,38.01509523153305,14.046709,19.463726,101.00205,101.695755
2013-01-01,2013-06-01,25.588451,45.89443988800049,15.179322,20.70312,100.96998,101.66124
2013-01-01,2013-07-01,26.475288,41.54669703722,16.026857,21.585737,101.00767,101.69713
2013-02-01,2013-03-01,23.690708,48.687072489261624,13.639118,18.98985,100.953674,101.64925
2013-02-01,2013-04-01,23.914282,58.93450219631195,13.677739,19.036345,101.00146,101.69684
2013-02-01,2013-05-01,24.730453,47.02904021978378,14.390957,19.83896,100.91904,101.61193
2013-02-01,2013-06-01,25.557945,64.09741959571838,15.490148,21.02514,100.95004,101.64123
2013-02-01,2013-07-01,26.552418,51.46994788408279,16.374504,21.934185,101.01249,101.701805
2013-02-01,2013-08-01,26.882418,53.64402112483978,16.54035,22.110064,101.083084,101.772125
2013-03-01,2013-04-01,24.197838,56.474875044822696,13.907529,19.281666,100.88027,101.57416
2013-03-01,2013-05-01,24.714947,64.34211203098297,14.45575,19.911257,100.958145,101.65136
2013-03-01,2013-06-01,25.662085,76.25562064647674,15.738892,21.269936,100.909134,101.59979
2013-03-01,2013-07-01,26.549995,64.11371394872666,16.562403,22.115894,100.99124,101.68042
2013-03-01,2013-08-01,26.894957,58.844178915023804,16.78037,22.340307,101.051056,101.739845
2013-03-01,2013-09-01,27.078863,62.88816261291504,17.126844,22.656303,100.94449,101.632126
2013-04-01,2013-05-01,24.938637,78.77681740760804,14.945576,20.449509,100.94023,101.63279
2013-04-01,2013-06-01,25.70396,96.5112449169159,16.108232,21.641958,100.873024,101.56336
2013-04-01,2013-07-01,26.615297,62.92261138916015,16.737568,22.287905,101.00097,101.69007
2013-04-01,2013-08-01,27.026117,57.028683676719666,16.889544,22.442133,101.03359,101.72196
2013-04-01,2013-09-01,27.158062,76.96473069190979,17.333084,22.847994,100.93007,101.61743
2013-04-01,2013-10-01,27.038158,96.0801460647583,17.66182,23.130775,100.77749,101.46408
2013-05-01,2013-06-01,25.80979,116.47869801521301,16.705349,22.239752,100.8767,101.5668
2013-05-01,2013-07-01,26.530912,100.02138473033905,17.089006,22.622896,100.96948,101.658554
2013-05-01,2013-08-01,26.88182,69.82601411819458,17.08202,22.627338,101.03359,101.7223
2013-05-01,2013-09-01,27.027466,82.40601081848145,17.481987,22.985455,100.91923,101.60682
2013-05-01,2013-10-01,27.031616,109.35843879699706,17.895544,23.3402,100.74251,101.42888
2013-05-01,2013-11-01,26.652838,109.14168405532837,17.743292,23.18109,100.62764,101.3141
2013-06-01,2013-07-01,26.312525,66.16852063655853,16.761812,22.324078,101.050156,101.74028
2013-06-01,2013-08-01,26.708755,61.78685504436493,16.69716,22.267807,101.09061,101.7801
2013-06-01,2013-09-01,26.954136,79.79588685035705,17.291847,22.813364,100.942894,101.63081
2013-06-01,2013-10-01,27.018618,88.93743314266204,17.66658,23.136625,100.779274,101.465935
2013-06-01,2013-11-01,26.629955,102.20901103019715,17.513597,22.971617,100.64786,101.33451
2013-06-01,2013-12-01,25.641811,93.48591409683227,16.473328,21.985268,100.72193,101.41137
2013-07-01,2013-08-01,26.432856,78.13644506931306,16.990704,22.543795,101.043304,101.73311
2013-07-01,2013-09-01,26.94855,89.002232837677,17.489704,22.994604,100.91686,101.60462
2013-07-01,2013-10-01,26.957748,103.59391229152679,17.73566,23.196655,100.758575,101.44524
2013-07-01,2013-11-01,26.549477,117.68720197677612,17.664627,23.103863,100.59355,101.28002
2013-07-01,2013-12-01,25.551586,103.87921327590942,16.53863,22.04063,100.69522,101.38469
2013-07-01,2014-01-01,24.593393,56.68569649457932,15.04781,20.54894,100.898056,101.59114
2013-08-01,2013-09-01,27.084848,85.80671610832215,17.597713,23.081264,100.827644,101.51448
2013-08-01,2013-10-01,26.905893,125.13508361816406,17.956686,23.391129,100.7039,101.390305
2013-08-01,2013-11-01,26.514585,125.57943363189698,17.76959,23.199701,100.58909,101.275604
2013-08-01,2013-12-01,25.494078,104.20271304130554,16.547306,22.04976,100.679825,101.369316
2013-08-01,2014-01-01,24.469088,65.98533367156982,15.029162,20.527027,100.883194,101.57646
2013-08-01,2014-02-01,23.786549,44.48376579284668,14.089458,19.509176,100.98497,101.680534
2013-09-01,2013-10-01,26.769966,128.53377690315247,18.031303,23.448637,100.63922,101.325485
2013-09-01,2013-11-01,26.51566,119.23592548370361,17.77841,23.206284,100.57903,101.26548
2013-09-01,2013-12-01,25.546703,105.35483847618103,16.634407,22.13393,100.67081,101.36011
2013-09-01,2014-01-01,24.666986,61.649661235809326,15.315494,20.834244,100.878685,101.57146
2013-09-01,2014-02-01,23.85146,47.567635440826415,14.136562,19.563776,101.00074,101.69626
2013-09-01,2014-03-01,23.683277,47.89430325269699,13.739476,19.116383,101.02144,101.7175
2013-10-01,2013-11-01,26.35432,161.72438049316406,17.870672,23.29062,100.57351,101.260284
2013-10-01,2013-12-01,25.533081,104.88742399215698,16.638542,22.136127,100.65955,101.34881
2013-10-01,2014-01-01,24.504175,72.10750551223755,15.224195,20.731195,100.881805,101.57499
2013-10-01,2014-02-01,23.787748,45.145252561569215,14.196102,19.622574,100.98109,101.67662
2013-10-01,2014-03-01,23.641323,53.69041472434998,13.763424,19.136578,101.01511,101.71123
2013-10-01,2014-04-01,24.002914,41.01165018081665,13.634451,18.974665,100.97542,101.67042
2013-11-01,2013-12-01,25.037016,155.45517680168152,16.465841,21.9648,100.64478,101.3351
2013-11-01,2014-01-01,24.307367,69.89886216402054,15.055658,20.562553,100.90465,101.598434
2013-11-01,2014-02-01,23.82681,45.02384344100952,14.257627,19.70654,101.02099,101.716705
2013-11-01,2014-03-01,23.860796,42.26971726417541,13.8859,19.284166,101.012276,101.707855
2013-11-01,2014-04-01,24.006529,54.19580755233765,13.782034,19.15238,100.96204,101.65694
2013-11-01,2014-05-01,24.611588,55.72459342002869,14.225547,19.648619,100.951004,101.6444
2013-12-01,2014-01-01,24.30894,81.55462599277496,15.226894,20.747261,100.92153,101.61544
2013-12-01,2014-02-01,23.852642,46.67071110725403,14.322506,19.78155,101.02139,101.71705
2013-12-01,2014-03-01,23.931948,44.93914827346802,14.042319,19.465456,101.01876,101.71422
2013-12-01,2014-04-01,24.137066,52.35950996875763,13.865608,19.255552,100.97823,101.67293
2013-12-01,2014-05-01,24.642534,60.38246983528137,14.235949,19.671677,100.9771,101.67061
2013-12-01,2014-06-01,25.547407,68.01949181556702,15.325447,20.855913,100.97299,101.66435
