step,date,cases,pop,T2M,T2M_lag1,T2M_lag2,PRECTOTCORR_SUM,PRECTOTCORR_SUM_lag1,PRECTOTCORR_SUM_lag2,QV2M,QV2M_lag1,QV2M_lag2
0,2014-12-01,,1540000.0,22.03,22.13,24.03,19.04,27.88,185.21,11.62,13.32,16.62
1,2015-01-01,9.0,1540000.0,22.25,22.03,22.13,0.44,19.04,27.88,9.21,11.62,13.32
2,2015-02-01,2.0,1540000.0,25.27,22.25,22.03,7.19,0.44,19.04,8.22,9.21,11.62
3,2015-03-01,9.0,1540000.0,26.99,25.27,22.25,25.97,7.19,0.44,12.03,8.22,9.21
4,2015-04-01,2.0,1540000.0,28.61,26.99,25.27,30.26,25.97,7.19,13.06,12.03,8.22
5,2015-05-01,17.0,1540000.0,28.35,28.61,26.99,92.67,30.26,25.97,16.6,13.06,12.03
6,2015-06-01,34.0,1540000.0,25.06,28.35,28.61,464.43,92.67,30.26,17.99,16.6,13.06
7,2015-07-01,76.0,1540000.0,24.38,25.06,28.35,324.17,464.43,92.67,18.06,17.99,16.6
8,2015-08-01,47.0,1540000.0,24.23,24.38,25.06,283.11,324.17,464.43,17.93,18.06,17.99
9,2015-09-01,12.0,1540000.0,24.13,24.23,24.38,166.38,283.11,324.17,17.41,17.93,18.06
10,2015-10-01,39.0,1540000.0,24.64,24.13,24.23,73.16,166.38,283.11,16.77,17.41,17.93
11,2015-11-01,37.0,1540000.0,24.64,24.64,24.13,17.57,73.16,166.38,14.51,16.77,17.41
12,2015-12-01,9.0,1540000.0,24.9,24.64,24.64,1.23,17.57,73.16,11.06,14.51,16.77
13,2016-01-01,10.0,1540000.0,24.4,24.9,24.64,0.07,1.23,17.57,8.37,11.06,14.51
14,2016-02-01,6.0,1540000.0,26.54,24.4,24.9,0.03,0.07,1.23,10.34,8.37,11.06
15,2016-03-01,12.0,1540000.0,28.73,26.54,24.4,7.35,0.03,0.07,11.34,10.34,8.37
16,2016-04-01,1.0,1540000.0,29.83,28.73,26.54,12.36,7.35,0.03,13.36,11.34,10.34
17,2016-05-01,24.0,1540000.0,29.25,29.83,28.73,34.33,12.36,7.35,15.87,13.36,11.34
18,2016-06-01,7.0,1540000.0,25.18,29.25,29.83,595.14,34.33,12.36,17.91,15.87,13.36
19,2016-07-01,7.0,1540000.0,23.84,25.18,29.25,685.58,595.14,34.33,18.16,17.91,15.87
20,2016-08-01,23.0,1540000.0,23.72,23.84,25.18,388.27,685.58,595.14,17.66,18.16,17.91
21,2016-09-01,15.0,1540000.0,23.39,23.72,23.84,161.62,388.27,685.58,17.0,17.66,18.16
22,2016-10-01,8.0,1540000.0,22.86,23.39,23.72,71.17,161.62,388.27,14.98,17.0,17.66
23,2016-11-01,18.0,1540000.0,22.3,22.86,23.39,13.91,71.17,161.62,10.77,14.98,17.0
24,2016-12-01,19.0,1540000.0,23.45,22.3,22.86,1.2,13.91,71.17,8.71,10.77,14.98
25,2017-01-01,14.0,1540000.0,24.35,23.45,22.3,0.0,1.2,13.91,7.73,8.71,10.77
26,2017-02-01,15.0,1540000.0,26.5,24.35,23.45,0.0,0.0,1.2,7.73,7.73,8.71
27,2017-03-01,20.0,1540000.0,27.45,26.5,24.35,0.73,0.0,0.0,10.5,7.73,7.73
28,2017-04-01,13.0,1540000.0,29.53,27.45,26.5,6.25,0.73,0.0,12.8,10.5,7.73
29,2017-05-01,23.0,1540000.0,28.88,29.53,27.45,67.93,6.25,0.73,15.98,12.8,10.5
30,2017-06-01,13.0,1540000.0,25.29,28.88,29.53,346.16,67.93,6.25,18.15,15.98,12.8
31,2017-07-01,24.0,1540000.0,24.3,25.29,28.88,401.34,346.16,67.93,18.1,18.15,15.98
32,2017-08-01,21.0,1540000.0,24.18,24.3,25.29,291.82,401.34,346.16,17.95,18.1,18.15
33,2017-09-01,12.0,1540000.0,24.49,24.18,24.3,299.8,291.82,401.34,18.04,17.95,18.1
34,2017-10-01,29.0,1540000.0,24.1,24.49,24.18,126.25,299.8,291.82,17.12,18.04,17.95
35,2017-11-01,24.0,1540000.0,22.09,24.1,24.49,2.42,126.25,299.8,13.18,17.12,18.04
36,2017-12-01,27.0,1540000.0,22.3,22.09,24.1,6.2,2.42,126.25,10.68,13.18,17.12
37,2018-01-01,20.0,1540000.0,23.66,22.3,22.09,0.61,6.2,2.42,8.22,10.68,13.18
38,2018-02-01,8.0,1540000.0,26.08,23.66,22.3,0.79,0.61,6.2,6.76,8.22,10.68
39,2018-03-01,11.0,1540000.0,28.13,26.08,23.66,11.64,0.79,0.61,10.36,6.76,8.22
40,2018-04-01,7.0,1540000.0,29.84,28.13,26.08,15.02,11.64,0.79,12.6,10.36,6.76
41,2018-05-01,10.0,1540000.0,28.05,29.84,28.13,122.03,15.02,11.64,16.44,12.6,10.36
42,2018-06-01,68.0,1540000.0,24.94,28.05,29.84,572.59,122.03,15.02,18.8,16.44,12.6
43,2018-07-01,71.0,1540000.0,23.88,24.94,28.05,454.48,572.59,122.03,18.02,18.8,16.44
44,2018-08-01,41.0,1540000.0,23.51,23.88,24.94,258.15,454.48,572.59,17.29,18.02,18.8
45,2018-09-01,36.0,1540000.0,23.7,23.51,23.88,118.69,258.15,454.48,16.66,17.29,18.02
46,2018-10-01,31.0,1540000.0,24.28,23.7,23.51,57.35,118.69,258.15,15.42,16.66,17.29
47,2018-11-01,19.0,1540000.0,24.54,24.28,23.7,9.89,57.35,118.69,11.97,15.42,16.66
48,2018-12-01,13.0,1540000.0,23.97,24.54,24.28,3.3,9.89,57.35,9.79,11.97,15.42
49,2019-01-01,16.0,1540000.0,23.66,23.97,24.54,0.0,3.3,9.89,6.68,9.79,11.97
50,2019-02-01,7.0,1540000.0,26.21,23.66,23.97,0.0,0.0,3.3,8.08,6.68,9.79
51,2019-03-01,8.0,1540000.0,27.63,26.21,23.66,12.67,0.0,0.0,10.07,8.08,6.68
52,2019-04-01,9.0,1540000.0,29.76,27.63,26.21,20.12,12.67,0.0,12.94,10.07,8.08
53,2019-05-01,6.0,1540000.0,29.51,29.76,27.63,7.11,20.12,12.67,14.36,12.94,10.07
54,2019-06-01,10.0,1540000.0,26.66,29.51,29.76,448.71,7.11,20.12,17.78,14.36,12.94
55,2019-07-01,23.0,1540000.0,24.38,26.66,29.51,726.48,448.71,7.11,18.75,17.78,14.36
56,2019-08-01,62.0,1540000.0,24.11,24.38,26.66,905.4,726.48,448.71,18.34,18.75,17.78
57,2019-09-01,76.0,1540000.0,23.95,24.11,24.38,376.26,905.4,726.48,17.91,18.34,18.75
58,2019-10-01,250.0,1540000.0,24.07,23.95,24.11,388.85,376.26,905.4,17.71,17.91,18.34
59,2019-11-01,170.0,1540000.0,23.04,24.07,23.95,17.98,388.85,376.26,15.64,17.71,17.91
60,2019-12-01,89.0,1540000.0,23.09,23.04,24.07,1.59,17.98,388.85,14.3,15.64,17.71
61,2020-01-01,80.0,1540000.0,23.04,23.09,23.04,0.36,1.59,17.98,11.74,14.3,15.64
62,2020-02-01,36.0,1540000.0,25.56,23.04,23.09,1.32,0.36,1.59,9.7,11.74,14.3
63,2020-03-01,25.0,1540000.0,27.58,25.56,23.04,12.39,1.32,0.36,11.55,9.7,11.74
64,2020-04-01,1.0,1540000.0,29.84,27.58,25.56,36.6,12.39,1.32,13.89,11.55,9.7
65,2020-05-01,8.0,1540000.0,29.93,29.84,27.58,47.48,36.6,12.39,16.26,13.89,11.55
66,2020-06-01,36.0,1540000.0,25.09,29.93,29.84,549.97,47.48,36.6,18.44,16.26,13.89
67,2020-07-01,26.0,1540000.0,24.15,25.09,29.93,709.9,549.97,47.48,18.32,18.44,16.26
68,2020-08-01,36.0,1540000.0,24.01,24.15,25.09,688.32,709.9,549.97,18.4,18.32,18.44
69,2020-09-01,35.0,1540000.0,24.0,24.01,24.15,459.31,688.32,709.9,17.94,18.4,18.32
70,2020-10-01,15.0,1540000.0,23.91,24.0,24.01,238.04,459.31,688.32,17.5,17.94,18.4
71,2020-11-01,39.0,1540000.0,23.04,23.91,24.0,0.46,238.04,459.31,15.42,17.5,17.94
72,2020-12-01,39.0,1540000.0,22.42,23.04,23.91,3.93,0.46,238.04,12.59,15.42,17.5
73,2021-01-01,13.0,1540000.0,24.36,22.42,23.04,11.81,3.93,0.46,12.68,12.59,15.42
74,2021-02-01,19.0,1540000.0,25.14,24.36,22.42,10.88,11.81,3.93,9.82,12.68,12.59
75,2021-03-01,30.0,1540000.0,28.76,25.14,24.36,4.2,10.88,11.81,10.65,9.82,12.68
76,2021-04-01,33.0,1540000.0,29.46,28.76,25.14,32.05,4.2,10.88,13.65,10.65,9.82
77,2021-05-01,6.0,1540000.0,27.14,29.46,28.76,316.24,32.05,4.2,17.95,13.65,10.65
78,2021-06-01,63.0,1540000.0,24.68,27.14,29.46,554.26,316.24,32.05,18.26,17.95,13.65
79,2021-07-01,102.0,1540000.0,24.0,24.68,27.14,728.92,554.26,316.24,18.37,18.26,17.95
80,2021-08-01,117.0,1540000.0,23.91,24.0,24.68,181.28,728.92,554.26,17.52,18.37,18.26
81,2021-09-01,108.0,1540000.0,24.02,23.91,24.0,288.4,181.28,728.92,17.86,17.52,18.37
82,2021-10-01,91.0,1540000.0,24.46,24.02,23.91,155.4,288.4,181.28,17.52,17.86,17.52
83,2021-11-01,40.0,1540000.0,23.64,24.46,24.02,127.73,155.4,288.4,16.67,17.52,17.86
84,2021-12-01,27.0,1540000.0,21.52,23.64,24.46,60.72,127.73,155.4,13.68,16.67,17.52
85,2022-01-01,20.0,1540000.0,21.29,21.52,23.64,0.15,60.72,127.73,11.22,13.68,16.67
86,2022-02-01,11.0,1540000.0,24.39,21.29,21.52,0.0,0.15,60.72,9.87,11.22,13.68
87,2022-03-01,7.0,1540000.0,28.52,24.39,21.29,9.97,0.0,0.15,11.81,9.87,11.22
88,2022-04-01,13.0,1540000.0,29.05,28.52,24.39,51.01,9.97,0.0,14.96,11.81,9.87
89,2022-05-01,13.0,1540000.0,27.77,29.05,28.52,84.12,51.01,9.97,16.8,14.96,11.81
90,2022-06-01,38.0,1540000.0,25.23,27.77,29.05,430.48,84.12,51.01,17.66,16.8,14.96
91,2022-07-01,47.0,1540000.0,24.03,25.23,27.77,608.38,430.48,84.12,18.16,17.66,16.8
92,2022-08-01,95.0,1540000.0,23.8,24.03,25.23,363.17,608.38,430.48,17.79,18.16,17.66
93,2022-09-01,65.0,1540000.0,23.82,23.8,24.03,272.99,363.17,608.38,17.54,17.79,18.16
94,2022-10-01,74.0,1540000.0,23.42,23.82,23.8,111.79,272.99,363.17,16.28,17.54,17.79
95,2022-11-01,26.0,1540000.0,22.58,23.42,23.82,3.58,111.79,272.99,14.17,16.28,17.54
96,2022-12-01,34.0,1540000.0,23.91,22.58,23.42,7.17,3.58,111.79,12.69,14.17,16.28
97,2023-01-01,4.0,1540000.0,23.69,23.91,22.58,0.02,7.17,3.58,8.99,12.69,14.17
98,2023-02-01,7.0,1540000.0,27.19,23.69,23.91,0.0,0.02,7.17,6.7,8.99,12.69
99,2023-03-01,13.0,1540000.0,27.6,27.19,23.69,0.01,0.0,0.02,8.79,6.7,8.99
100,2023-04-01,15.0,1540000.0,29.15,27.6,27.19,11.82,0.01,0.0,12.14,8.79,6.7
101,2023-05-01,16.0,1540000.0,29.29,29.15,27.6,39.68,11.82,0.01,14.9,12.14,8.79
102,2023-06-01,25.0,1540000.0,26.95,29.29,29.15,289.62,39.68,11.82,17.59,14.9,12.14
103,2023-07-01,30.0,1540000.0,24.24,26.95,29.29,886.22,289.62,39.68,18.44,17.59,14.9
104,2023-08-01,80.0,1540000.0,24.26,24.24,26.95,138.78,886.22,289.62,17.7,18.44,17.59
105,2023-09-01,113.0,1540000.0,24.29,24.26,24.24,326.02,138.78,886.22,18.03,17.7,18.44
106,2023-10-01,101.0,1540000.0,24.56,24.29,24.26,40.23,326.02,138.78,16.75,18.03,17.7
107,2023-11-01,70.0,1540000.0,24.32,24.56,24.29,42.01,40.23,326.02,15.86,16.75,18.03
108,2023-12-01,38.0,1540000.0,24.33,24.32,24.56,0.39,42.01,40.23,11.72,15.86,16.75
